id,catalogLevelId,subjectName,period,coverageStatus,units,moduleIndexCount,lessonsActivities,objectives,competencies,officialSource,structuredContent,themes,missingReason,applicability,expectedBasis
"annual-scope-v1-fr-primary-sil-langue-francaise","fr-primary-sil","Langue française","YEAR","PARTIAL","1","0","0","1","1","[{""id"":""minedub-fr-primary-1"",""url"":""https://www.minedub.cm/download/350/archives/5872/01-programme-niveau-01-2019.pdf"",""version"":""38f57980080bbfddb5fd5d4ca83b553ced3ed36ef9447eb333b9deea76b9fe81""}]","[""annual-gap-v1-fr-primary-sil-subject-0""]","[""Expression orale"",""Lecture et littérature"",""Écriture"",""Étude de la langue""]","Objectifs communs du niveau structurés ; tableaux détaillés propres à la classe et leçons restant à extraire.","DOCUMENTARY_ONLY_LOCAL_TEACHING_NOT_ESTABLISHED","MINEDUB_DISCIPLINE_INDEX"
"annual-scope-v1-fr-primary-sil-english-language","fr-primary-sil","English language","YEAR","PARTIAL","1","0","0","1","1","[{""id"":""minedub-fr-primary-1"",""url"":""https://www.minedub.cm/download/350/archives/5872/01-programme-niveau-01-2019.pdf"",""version"":""38f57980080bbfddb5fd5d4ca83b553ced3ed36ef9447eb333b9deea76b9fe81""}]","[""annual-gap-v1-fr-primary-sil-subject-1""]","[""Listening and speaking"",""Reading"",""Writing"",""Grammar and vocabulary""]","Objectifs communs du niveau structurés ; tableaux détaillés propres à la classe et leçons restant à extraire.","DOCUMENTARY_ONLY_LOCAL_TEACHING_NOT_ESTABLISHED","MINEDUB_DISCIPLINE_INDEX"
"annual-scope-v1-fr-primary-sil-langues-et-cultures-nationales","fr-primary-sil","Langues et cultures nationales","YEAR","PARTIAL","1","0","0","1","1","[{""id"":""minedub-fr-primary-1"",""url"":""https://www.minedub.cm/download/350/archives/5872/01-programme-niveau-01-2019.pdf"",""version"":""38f57980080bbfddb5fd5d4ca83b553ced3ed36ef9447eb333b9deea76b9fe81""}]","[""annual-gap-v1-fr-primary-sil-subject-2""]","[""Communication orale"",""Culture nationale"",""Échanges et activités collectives""]","Objectifs communs du niveau structurés ; tableaux détaillés propres à la classe et leçons restant à extraire.","DOCUMENTARY_ONLY_LOCAL_TEACHING_NOT_ESTABLISHED","MINEDUB_DISCIPLINE_INDEX"
"annual-scope-v1-fr-primary-sil-initiation-aux-mathematiques","fr-primary-sil","Initiation aux mathématiques","YEAR","PARTIAL","8","0","0","8","8","[{""id"":""minedub-fr-primary-1"",""url"":""https://www.minedub.cm/download/350/archives/5872/01-programme-niveau-01-2019.pdf"",""version"":""38f57980080bbfddb5fd5d4ca83b553ced3ed36ef9447eb333b9deea76b9fe81""}]","[""annual-math-v1-fr-primary-sil-1"",""annual-math-v1-fr-primary-sil-2"",""annual-math-v1-fr-primary-sil-3"",""annual-math-v1-fr-primary-sil-4"",""annual-math-v1-fr-primary-sil-5"",""annual-math-v1-fr-primary-sil-6"",""annual-math-v1-fr-primary-sil-7"",""annual-math-v1-fr-primary-sil-8""]","[""La maison"",""Le village, la ville"",""L’école"",""Les métiers"",""Les voyages"",""La santé"",""Les jeux"",""Les communications""]","Extraits annuels et objectifs documentés ; totalité des cellules et leçons non structurée. Anomalies exclues explicitement.","DOCUMENTARY_ONLY_LOCAL_TEACHING_NOT_ESTABLISHED","MINEDUB_DISCIPLINE_INDEX"
"annual-scope-v1-fr-primary-sil-initiation-aux-sciences-et-a-la-technologie","fr-primary-sil","Initiation aux sciences et à la technologie","YEAR","PARTIAL","1","0","0","1","1","[{""id"":""minedub-fr-primary-1"",""url"":""https://www.minedub.cm/download/350/archives/5872/01-programme-niveau-01-2019.pdf"",""version"":""38f57980080bbfddb5fd5d4ca83b553ced3ed36ef9447eb333b9deea76b9fe81""}]","[""annual-gap-v1-fr-primary-sil-subject-4""]","[""Sciences de la vie"",""Matière"",""Technologie"",""Activités agropastorales"",""Environnement""]","Objectifs communs du niveau structurés ; tableaux détaillés propres à la classe et leçons restant à extraire.","DOCUMENTARY_ONLY_LOCAL_TEACHING_NOT_ESTABLISHED","MINEDUB_DISCIPLINE_INDEX"
"annual-scope-v1-fr-primary-sil-technologies-de-l-information-et-de-la-communication","fr-primary-sil","Technologies de l’information et de la communication","YEAR","PARTIAL","1","0","0","1","1","[{""id"":""minedub-fr-primary-1"",""url"":""https://www.minedub.cm/download/350/archives/5872/01-programme-niveau-01-2019.pdf"",""version"":""38f57980080bbfddb5fd5d4ca83b553ced3ed36ef9447eb333b9deea76b9fe81""}]","[""annual-gap-v1-fr-primary-sil-subject-5""]","[""Environnement informatique"",""Usages responsables"",""Santé et sécurité""]","Objectifs communs du niveau structurés ; tableaux détaillés propres à la classe et leçons restant à extraire.","DOCUMENTARY_ONLY_LOCAL_TEACHING_NOT_ESTABLISHED","MINEDUB_DISCIPLINE_INDEX"
"annual-scope-v1-fr-primary-sil-sciences-humaines-et-sociales","fr-primary-sil","Sciences humaines et sociales","YEAR","PARTIAL","1","0","0","1","1","[{""id"":""minedub-fr-primary-1"",""url"":""https://www.minedub.cm/download/350/archives/5872/01-programme-niveau-01-2019.pdf"",""version"":""38f57980080bbfddb5fd5d4ca83b553ced3ed36ef9447eb333b9deea76b9fe81""}]","[""annual-gap-v1-fr-primary-sil-subject-6""]","[""Vie collective"",""Droits et devoirs"",""Citoyenneté"",""Paix et sécurité""]","Objectifs communs du niveau structurés ; tableaux détaillés propres à la classe et leçons restant à extraire.","DOCUMENTARY_ONLY_LOCAL_TEACHING_NOT_ESTABLISHED","MINEDUB_DISCIPLINE_INDEX"
"annual-scope-v1-fr-primary-sil-education-artistique","fr-primary-sil","Éducation artistique","YEAR","PARTIAL","1","0","0","1","1","[{""id"":""minedub-fr-primary-1"",""url"":""https://www.minedub.cm/download/350/archives/5872/01-programme-niveau-01-2019.pdf"",""version"":""38f57980080bbfddb5fd5d4ca83b553ced3ed36ef9447eb333b9deea76b9fe81""}]","[""annual-gap-v1-fr-primary-sil-subject-7""]","[""Arts visuels"",""Musique"",""Arts dramatiques"",""Danse""]","Objectifs communs du niveau structurés ; tableaux détaillés propres à la classe et leçons restant à extraire.","DOCUMENTARY_ONLY_LOCAL_TEACHING_NOT_ESTABLISHED","MINEDUB_DISCIPLINE_INDEX"
"annual-scope-v1-fr-primary-sil-education-physique-et-sportive","fr-primary-sil","Éducation physique et sportive","YEAR","PARTIAL","1","0","0","1","1","[{""id"":""minedub-fr-primary-1"",""url"":""https://www.minedub.cm/download/350/archives/5872/01-programme-niveau-01-2019.pdf"",""version"":""38f57980080bbfddb5fd5d4ca83b553ced3ed36ef9447eb333b9deea76b9fe81""}]","[""annual-gap-v1-fr-primary-sil-subject-8""]","[""Activités athlétiques"",""Sports collectifs"",""Coordination corporelle""]","Objectifs communs du niveau structurés ; tableaux détaillés propres à la classe et leçons restant à extraire.","DOCUMENTARY_ONLY_LOCAL_TEACHING_NOT_ESTABLISHED","MINEDUB_DISCIPLINE_INDEX"
"annual-scope-v1-fr-primary-sil-developpement-personnel","fr-primary-sil","Développement personnel","YEAR","PARTIAL","1","0","0","1","1","[{""id"":""minedub-fr-primary-1"",""url"":""https://www.minedub.cm/download/350/archives/5872/01-programme-niveau-01-2019.pdf"",""version"":""38f57980080bbfddb5fd5d4ca83b553ced3ed36ef9447eb333b9deea76b9fe81""}]","[""annual-gap-v1-fr-primary-sil-subject-9""]","[""Artisanat"",""Activités agropastorales"",""Vie domestique""]","Objectifs communs du niveau structurés ; tableaux détaillés propres à la classe et leçons restant à extraire.","DOCUMENTARY_ONLY_LOCAL_TEACHING_NOT_ESTABLISHED","MINEDUB_DISCIPLINE_INDEX"
"annual-scope-v1-fr-primary-cp-langue-francaise","fr-primary-cp","Langue française","YEAR","PARTIAL","1","0","0","1","1","[{""id"":""minedub-fr-primary-1"",""url"":""https://www.minedub.cm/download/350/archives/5872/01-programme-niveau-01-2019.pdf"",""version"":""38f57980080bbfddb5fd5d4ca83b553ced3ed36ef9447eb333b9deea76b9fe81""}]","[""annual-gap-v1-fr-primary-cp-subject-0""]","[""Expression orale"",""Lecture et littérature"",""Écriture"",""Étude de la langue""]","Objectifs communs du niveau structurés ; tableaux détaillés propres à la classe et leçons restant à extraire.","DOCUMENTARY_ONLY_LOCAL_TEACHING_NOT_ESTABLISHED","MINEDUB_DISCIPLINE_INDEX"
"annual-scope-v1-fr-primary-cp-english-language","fr-primary-cp","English language","YEAR","PARTIAL","1","0","0","1","1","[{""id"":""minedub-fr-primary-1"",""url"":""https://www.minedub.cm/download/350/archives/5872/01-programme-niveau-01-2019.pdf"",""version"":""38f57980080bbfddb5fd5d4ca83b553ced3ed36ef9447eb333b9deea76b9fe81""}]","[""annual-gap-v1-fr-primary-cp-subject-1""]","[""Listening and speaking"",""Reading"",""Writing"",""Grammar and vocabulary""]","Objectifs communs du niveau structurés ; tableaux détaillés propres à la classe et leçons restant à extraire.","DOCUMENTARY_ONLY_LOCAL_TEACHING_NOT_ESTABLISHED","MINEDUB_DISCIPLINE_INDEX"
"annual-scope-v1-fr-primary-cp-langues-et-cultures-nationales","fr-primary-cp","Langues et cultures nationales","YEAR","PARTIAL","1","0","0","1","1","[{""id"":""minedub-fr-primary-1"",""url"":""https://www.minedub.cm/download/350/archives/5872/01-programme-niveau-01-2019.pdf"",""version"":""38f57980080bbfddb5fd5d4ca83b553ced3ed36ef9447eb333b9deea76b9fe81""}]","[""annual-gap-v1-fr-primary-cp-subject-2""]","[""Communication orale"",""Culture nationale"",""Échanges et activités collectives""]","Objectifs communs du niveau structurés ; tableaux détaillés propres à la classe et leçons restant à extraire.","DOCUMENTARY_ONLY_LOCAL_TEACHING_NOT_ESTABLISHED","MINEDUB_DISCIPLINE_INDEX"
"annual-scope-v1-fr-primary-cp-initiation-aux-mathematiques","fr-primary-cp","Initiation aux mathématiques","YEAR","PARTIAL","8","0","0","8","8","[{""id"":""minedub-fr-primary-1"",""url"":""https://www.minedub.cm/download/350/archives/5872/01-programme-niveau-01-2019.pdf"",""version"":""38f57980080bbfddb5fd5d4ca83b553ced3ed36ef9447eb333b9deea76b9fe81""}]","[""annual-math-v1-fr-primary-cp-1"",""annual-math-v1-fr-primary-cp-2"",""annual-math-v1-fr-primary-cp-3"",""annual-math-v1-fr-primary-cp-4"",""annual-math-v1-fr-primary-cp-5"",""annual-math-v1-fr-primary-cp-6"",""annual-math-v1-fr-primary-cp-7"",""annual-math-v1-fr-primary-cp-8""]","[""La maison"",""Le village, la ville"",""L’école"",""Les métiers"",""Les voyages"",""La santé"",""Les jeux"",""Les communications""]","Extraits annuels et objectifs documentés ; totalité des cellules et leçons non structurée. Anomalies exclues explicitement.","DOCUMENTARY_ONLY_LOCAL_TEACHING_NOT_ESTABLISHED","MINEDUB_DISCIPLINE_INDEX"
"annual-scope-v1-fr-primary-cp-initiation-aux-sciences-et-a-la-technologie","fr-primary-cp","Initiation aux sciences et à la technologie","YEAR","PARTIAL","1","0","0","1","1","[{""id"":""minedub-fr-primary-1"",""url"":""https://www.minedub.cm/download/350/archives/5872/01-programme-niveau-01-2019.pdf"",""version"":""38f57980080bbfddb5fd5d4ca83b553ced3ed36ef9447eb333b9deea76b9fe81""}]","[""annual-gap-v1-fr-primary-cp-subject-4""]","[""Sciences de la vie"",""Matière"",""Technologie"",""Activités agropastorales"",""Environnement""]","Objectifs communs du niveau structurés ; tableaux détaillés propres à la classe et leçons restant à extraire.","DOCUMENTARY_ONLY_LOCAL_TEACHING_NOT_ESTABLISHED","MINEDUB_DISCIPLINE_INDEX"
"annual-scope-v1-fr-primary-cp-technologies-de-l-information-et-de-la-communication","fr-primary-cp","Technologies de l’information et de la communication","YEAR","PARTIAL","1","0","0","1","1","[{""id"":""minedub-fr-primary-1"",""url"":""https://www.minedub.cm/download/350/archives/5872/01-programme-niveau-01-2019.pdf"",""version"":""38f57980080bbfddb5fd5d4ca83b553ced3ed36ef9447eb333b9deea76b9fe81""}]","[""annual-gap-v1-fr-primary-cp-subject-5""]","[""Environnement informatique"",""Usages responsables"",""Santé et sécurité""]","Objectifs communs du niveau structurés ; tableaux détaillés propres à la classe et leçons restant à extraire.","DOCUMENTARY_ONLY_LOCAL_TEACHING_NOT_ESTABLISHED","MINEDUB_DISCIPLINE_INDEX"
"annual-scope-v1-fr-primary-cp-sciences-humaines-et-sociales","fr-primary-cp","Sciences humaines et sociales","YEAR","PARTIAL","1","0","0","1","1","[{""id"":""minedub-fr-primary-1"",""url"":""https://www.minedub.cm/download/350/archives/5872/01-programme-niveau-01-2019.pdf"",""version"":""38f57980080bbfddb5fd5d4ca83b553ced3ed36ef9447eb333b9deea76b9fe81""}]","[""annual-gap-v1-fr-primary-cp-subject-6""]","[""Vie collective"",""Droits et devoirs"",""Citoyenneté"",""Paix et sécurité""]","Objectifs communs du niveau structurés ; tableaux détaillés propres à la classe et leçons restant à extraire.","DOCUMENTARY_ONLY_LOCAL_TEACHING_NOT_ESTABLISHED","MINEDUB_DISCIPLINE_INDEX"
"annual-scope-v1-fr-primary-cp-education-artistique","fr-primary-cp","Éducation artistique","YEAR","PARTIAL","1","0","0","1","1","[{""id"":""minedub-fr-primary-1"",""url"":""https://www.minedub.cm/download/350/archives/5872/01-programme-niveau-01-2019.pdf"",""version"":""38f57980080bbfddb5fd5d4ca83b553ced3ed36ef9447eb333b9deea76b9fe81""}]","[""annual-gap-v1-fr-primary-cp-subject-7""]","[""Arts visuels"",""Musique"",""Arts dramatiques"",""Danse""]","Objectifs communs du niveau structurés ; tableaux détaillés propres à la classe et leçons restant à extraire.","DOCUMENTARY_ONLY_LOCAL_TEACHING_NOT_ESTABLISHED","MINEDUB_DISCIPLINE_INDEX"
"annual-scope-v1-fr-primary-cp-education-physique-et-sportive","fr-primary-cp","Éducation physique et sportive","YEAR","PARTIAL","1","0","0","1","1","[{""id"":""minedub-fr-primary-1"",""url"":""https://www.minedub.cm/download/350/archives/5872/01-programme-niveau-01-2019.pdf"",""version"":""38f57980080bbfddb5fd5d4ca83b553ced3ed36ef9447eb333b9deea76b9fe81""}]","[""annual-gap-v1-fr-primary-cp-subject-8""]","[""Activités athlétiques"",""Sports collectifs"",""Coordination corporelle""]","Objectifs communs du niveau structurés ; tableaux détaillés propres à la classe et leçons restant à extraire.","DOCUMENTARY_ONLY_LOCAL_TEACHING_NOT_ESTABLISHED","MINEDUB_DISCIPLINE_INDEX"
"annual-scope-v1-fr-primary-cp-developpement-personnel","fr-primary-cp","Développement personnel","YEAR","PARTIAL","1","0","0","1","1","[{""id"":""minedub-fr-primary-1"",""url"":""https://www.minedub.cm/download/350/archives/5872/01-programme-niveau-01-2019.pdf"",""version"":""38f57980080bbfddb5fd5d4ca83b553ced3ed36ef9447eb333b9deea76b9fe81""}]","[""annual-gap-v1-fr-primary-cp-subject-9""]","[""Artisanat"",""Activités agropastorales"",""Vie domestique""]","Objectifs communs du niveau structurés ; tableaux détaillés propres à la classe et leçons restant à extraire.","DOCUMENTARY_ONLY_LOCAL_TEACHING_NOT_ESTABLISHED","MINEDUB_DISCIPLINE_INDEX"
"annual-scope-v1-fr-primary-ce1-francais-et-litterature","fr-primary-ce1","Français et littérature","YEAR","PARTIAL","1","0","0","1","1","[{""id"":""minedub-fr-primary-2"",""url"":""https://www.minedub.cm/download/350/archives/5868/02-programme-niveau-02-2019.pdf"",""version"":""6dc059638d59463d55f12d6c9488bf04fa1ae9c00e1d51891f80702108dce6a2""}]","[""annual-gap-v1-fr-primary-ce1-subject-0""]","[""Expression orale"",""Lecture et littérature"",""Écriture"",""Étude de la langue""]","Objectifs communs du niveau structurés ; tableaux détaillés propres à la classe et leçons restant à extraire.","DOCUMENTARY_ONLY_LOCAL_TEACHING_NOT_ESTABLISHED","MINEDUB_DISCIPLINE_INDEX"
"annual-scope-v1-fr-primary-ce1-english-language","fr-primary-ce1","English language","YEAR","PARTIAL","1","0","0","1","1","[{""id"":""minedub-fr-primary-2"",""url"":""https://www.minedub.cm/download/350/archives/5868/02-programme-niveau-02-2019.pdf"",""version"":""6dc059638d59463d55f12d6c9488bf04fa1ae9c00e1d51891f80702108dce6a2""}]","[""annual-gap-v1-fr-primary-ce1-subject-1""]","[""Listening and speaking"",""Reading"",""Writing"",""Grammar and vocabulary""]","Objectifs communs du niveau structurés ; tableaux détaillés propres à la classe et leçons restant à extraire.","DOCUMENTARY_ONLY_LOCAL_TEACHING_NOT_ESTABLISHED","MINEDUB_DISCIPLINE_INDEX"
"annual-scope-v1-fr-primary-ce1-langues-et-cultures-nationales","fr-primary-ce1","Langues et cultures nationales","YEAR","PARTIAL","1","0","0","1","1","[{""id"":""minedub-fr-primary-2"",""url"":""https://www.minedub.cm/download/350/archives/5868/02-programme-niveau-02-2019.pdf"",""version"":""6dc059638d59463d55f12d6c9488bf04fa1ae9c00e1d51891f80702108dce6a2""}]","[""annual-gap-v1-fr-primary-ce1-subject-2""]","[""Communication orale"",""Culture nationale"",""Échanges et activités collectives""]","Objectifs communs du niveau structurés ; tableaux détaillés propres à la classe et leçons restant à extraire.","DOCUMENTARY_ONLY_LOCAL_TEACHING_NOT_ESTABLISHED","MINEDUB_DISCIPLINE_INDEX"
"annual-scope-v1-fr-primary-ce1-mathematiques","fr-primary-ce1","Mathématiques","YEAR","PARTIAL","8","0","0","8","8","[{""id"":""minedub-fr-primary-2"",""url"":""https://www.minedub.cm/download/350/archives/5868/02-programme-niveau-02-2019.pdf"",""version"":""6dc059638d59463d55f12d6c9488bf04fa1ae9c00e1d51891f80702108dce6a2""}]","[""annual-math-v1-fr-primary-ce1-1"",""annual-math-v1-fr-primary-ce1-2"",""annual-math-v1-fr-primary-ce1-3"",""annual-math-v1-fr-primary-ce1-4"",""annual-math-v1-fr-primary-ce1-5"",""annual-math-v1-fr-primary-ce1-6"",""annual-math-v1-fr-primary-ce1-7"",""annual-math-v1-fr-primary-ce1-8""]","[""La maison"",""Le village, la ville"",""L’école"",""Les métiers"",""Les voyages"",""La santé"",""Les jeux"",""Les communications""]","Extraits annuels et objectifs documentés ; totalité des cellules et leçons non structurée. Anomalies exclues explicitement.","DOCUMENTARY_ONLY_LOCAL_TEACHING_NOT_ESTABLISHED","MINEDUB_DISCIPLINE_INDEX"
"annual-scope-v1-fr-primary-ce1-sciences-et-technologies","fr-primary-ce1","Sciences et technologies","YEAR","PARTIAL","1","0","0","1","1","[{""id"":""minedub-fr-primary-2"",""url"":""https://www.minedub.cm/download/350/archives/5868/02-programme-niveau-02-2019.pdf"",""version"":""6dc059638d59463d55f12d6c9488bf04fa1ae9c00e1d51891f80702108dce6a2""}]","[""annual-gap-v1-fr-primary-ce1-subject-4""]","[""Sciences de la vie"",""Matière"",""Technologie"",""Activités agropastorales"",""Environnement""]","Objectifs communs du niveau structurés ; tableaux détaillés propres à la classe et leçons restant à extraire.","DOCUMENTARY_ONLY_LOCAL_TEACHING_NOT_ESTABLISHED","MINEDUB_DISCIPLINE_INDEX"
"annual-scope-v1-fr-primary-ce1-technologies-de-l-information-et-de-la-communication","fr-primary-ce1","Technologies de l’information et de la communication","YEAR","PARTIAL","1","0","0","1","1","[{""id"":""minedub-fr-primary-2"",""url"":""https://www.minedub.cm/download/350/archives/5868/02-programme-niveau-02-2019.pdf"",""version"":""6dc059638d59463d55f12d6c9488bf04fa1ae9c00e1d51891f80702108dce6a2""}]","[""annual-gap-v1-fr-primary-ce1-subject-5""]","[""Environnement informatique"",""Usages responsables"",""Santé et sécurité"",""Production numérique"",""Internet"",""Programmation élémentaire""]","Objectifs communs du niveau structurés ; tableaux détaillés propres à la classe et leçons restant à extraire.","DOCUMENTARY_ONLY_LOCAL_TEACHING_NOT_ESTABLISHED","MINEDUB_DISCIPLINE_INDEX"
"annual-scope-v1-fr-primary-ce1-sciences-humaines-et-sociales","fr-primary-ce1","Sciences humaines et sociales","YEAR","PARTIAL","1","0","0","1","1","[{""id"":""minedub-fr-primary-2"",""url"":""https://www.minedub.cm/download/350/archives/5868/02-programme-niveau-02-2019.pdf"",""version"":""6dc059638d59463d55f12d6c9488bf04fa1ae9c00e1d51891f80702108dce6a2""}]","[""annual-gap-v1-fr-primary-ce1-subject-6""]","[""Vie collective"",""Droits et devoirs"",""Citoyenneté"",""Paix et sécurité"",""Histoire"",""Géographie""]","Objectifs communs du niveau structurés ; tableaux détaillés propres à la classe et leçons restant à extraire.","DOCUMENTARY_ONLY_LOCAL_TEACHING_NOT_ESTABLISHED","MINEDUB_DISCIPLINE_INDEX"
"annual-scope-v1-fr-primary-ce1-education-artistique","fr-primary-ce1","Éducation artistique","YEAR","PARTIAL","1","0","0","1","1","[{""id"":""minedub-fr-primary-2"",""url"":""https://www.minedub.cm/download/350/archives/5868/02-programme-niveau-02-2019.pdf"",""version"":""6dc059638d59463d55f12d6c9488bf04fa1ae9c00e1d51891f80702108dce6a2""}]","[""annual-gap-v1-fr-primary-ce1-subject-7""]","[""Arts visuels"",""Musique"",""Arts dramatiques"",""Danse""]","Objectifs communs du niveau structurés ; tableaux détaillés propres à la classe et leçons restant à extraire.","DOCUMENTARY_ONLY_LOCAL_TEACHING_NOT_ESTABLISHED","MINEDUB_DISCIPLINE_INDEX"
"annual-scope-v1-fr-primary-ce1-education-physique-et-sportive","fr-primary-ce1","Éducation physique et sportive","YEAR","PARTIAL","1","0","0","1","1","[{""id"":""minedub-fr-primary-2"",""url"":""https://www.minedub.cm/download/350/archives/5868/02-programme-niveau-02-2019.pdf"",""version"":""6dc059638d59463d55f12d6c9488bf04fa1ae9c00e1d51891f80702108dce6a2""}]","[""annual-gap-v1-fr-primary-ce1-subject-8""]","[""Activités athlétiques"",""Sports collectifs"",""Coordination corporelle""]","Objectifs communs du niveau structurés ; tableaux détaillés propres à la classe et leçons restant à extraire.","DOCUMENTARY_ONLY_LOCAL_TEACHING_NOT_ESTABLISHED","MINEDUB_DISCIPLINE_INDEX"
"annual-scope-v1-fr-primary-ce1-developpement-personnel","fr-primary-ce1","Développement personnel","YEAR","PARTIAL","1","0","0","1","1","[{""id"":""minedub-fr-primary-2"",""url"":""https://www.minedub.cm/download/350/archives/5868/02-programme-niveau-02-2019.pdf"",""version"":""6dc059638d59463d55f12d6c9488bf04fa1ae9c00e1d51891f80702108dce6a2""}]","[""annual-gap-v1-fr-primary-ce1-subject-9""]","[""Artisanat"",""Activités agropastorales"",""Vie domestique""]","Objectifs communs du niveau structurés ; tableaux détaillés propres à la classe et leçons restant à extraire.","DOCUMENTARY_ONLY_LOCAL_TEACHING_NOT_ESTABLISHED","MINEDUB_DISCIPLINE_INDEX"
"annual-scope-v1-fr-primary-ce2-francais-et-litterature","fr-primary-ce2","Français et littérature","YEAR","PARTIAL","1","0","0","1","1","[{""id"":""minedub-fr-primary-2"",""url"":""https://www.minedub.cm/download/350/archives/5868/02-programme-niveau-02-2019.pdf"",""version"":""6dc059638d59463d55f12d6c9488bf04fa1ae9c00e1d51891f80702108dce6a2""}]","[""annual-gap-v1-fr-primary-ce2-subject-0""]","[""Expression orale"",""Lecture et littérature"",""Écriture"",""Étude de la langue""]","Objectifs communs du niveau structurés ; tableaux détaillés propres à la classe et leçons restant à extraire.","DOCUMENTARY_ONLY_LOCAL_TEACHING_NOT_ESTABLISHED","MINEDUB_DISCIPLINE_INDEX"
"annual-scope-v1-fr-primary-ce2-english-language","fr-primary-ce2","English language","YEAR","PARTIAL","1","0","0","1","1","[{""id"":""minedub-fr-primary-2"",""url"":""https://www.minedub.cm/download/350/archives/5868/02-programme-niveau-02-2019.pdf"",""version"":""6dc059638d59463d55f12d6c9488bf04fa1ae9c00e1d51891f80702108dce6a2""}]","[""annual-gap-v1-fr-primary-ce2-subject-1""]","[""Listening and speaking"",""Reading"",""Writing"",""Grammar and vocabulary""]","Objectifs communs du niveau structurés ; tableaux détaillés propres à la classe et leçons restant à extraire.","DOCUMENTARY_ONLY_LOCAL_TEACHING_NOT_ESTABLISHED","MINEDUB_DISCIPLINE_INDEX"
"annual-scope-v1-fr-primary-ce2-langues-et-cultures-nationales","fr-primary-ce2","Langues et cultures nationales","YEAR","PARTIAL","1","0","0","1","1","[{""id"":""minedub-fr-primary-2"",""url"":""https://www.minedub.cm/download/350/archives/5868/02-programme-niveau-02-2019.pdf"",""version"":""6dc059638d59463d55f12d6c9488bf04fa1ae9c00e1d51891f80702108dce6a2""}]","[""annual-gap-v1-fr-primary-ce2-subject-2""]","[""Communication orale"",""Culture nationale"",""Échanges et activités collectives""]","Objectifs communs du niveau structurés ; tableaux détaillés propres à la classe et leçons restant à extraire.","DOCUMENTARY_ONLY_LOCAL_TEACHING_NOT_ESTABLISHED","MINEDUB_DISCIPLINE_INDEX"
"annual-scope-v1-fr-primary-ce2-mathematiques","fr-primary-ce2","Mathématiques","YEAR","PARTIAL","8","0","0","8","8","[{""id"":""minedub-fr-primary-2"",""url"":""https://www.minedub.cm/download/350/archives/5868/02-programme-niveau-02-2019.pdf"",""version"":""6dc059638d59463d55f12d6c9488bf04fa1ae9c00e1d51891f80702108dce6a2""}]","[""annual-math-v1-fr-primary-ce2-1"",""annual-math-v1-fr-primary-ce2-2"",""annual-math-v1-fr-primary-ce2-3"",""annual-math-v1-fr-primary-ce2-4"",""annual-math-v1-fr-primary-ce2-5"",""annual-math-v1-fr-primary-ce2-6"",""annual-math-v1-fr-primary-ce2-7"",""annual-math-v1-fr-primary-ce2-8""]","[""La maison"",""Le village, la ville"",""L’école"",""Les métiers"",""Les voyages"",""La santé"",""Les jeux"",""Les communications""]","Extraits annuels et objectifs documentés ; totalité des cellules et leçons non structurée. Anomalies exclues explicitement.","DOCUMENTARY_ONLY_LOCAL_TEACHING_NOT_ESTABLISHED","MINEDUB_DISCIPLINE_INDEX"
"annual-scope-v1-fr-primary-ce2-sciences-et-technologies","fr-primary-ce2","Sciences et technologies","YEAR","PARTIAL","1","0","0","1","1","[{""id"":""minedub-fr-primary-2"",""url"":""https://www.minedub.cm/download/350/archives/5868/02-programme-niveau-02-2019.pdf"",""version"":""6dc059638d59463d55f12d6c9488bf04fa1ae9c00e1d51891f80702108dce6a2""}]","[""annual-gap-v1-fr-primary-ce2-subject-4""]","[""Sciences de la vie"",""Matière"",""Technologie"",""Activités agropastorales"",""Environnement""]","Objectifs communs du niveau structurés ; tableaux détaillés propres à la classe et leçons restant à extraire.","DOCUMENTARY_ONLY_LOCAL_TEACHING_NOT_ESTABLISHED","MINEDUB_DISCIPLINE_INDEX"
"annual-scope-v1-fr-primary-ce2-technologies-de-l-information-et-de-la-communication","fr-primary-ce2","Technologies de l’information et de la communication","YEAR","PARTIAL","1","0","0","1","1","[{""id"":""minedub-fr-primary-2"",""url"":""https://www.minedub.cm/download/350/archives/5868/02-programme-niveau-02-2019.pdf"",""version"":""6dc059638d59463d55f12d6c9488bf04fa1ae9c00e1d51891f80702108dce6a2""}]","[""annual-gap-v1-fr-primary-ce2-subject-5""]","[""Environnement informatique"",""Usages responsables"",""Santé et sécurité"",""Production numérique"",""Internet"",""Programmation élémentaire""]","Objectifs communs du niveau structurés ; tableaux détaillés propres à la classe et leçons restant à extraire.","DOCUMENTARY_ONLY_LOCAL_TEACHING_NOT_ESTABLISHED","MINEDUB_DISCIPLINE_INDEX"
"annual-scope-v1-fr-primary-ce2-sciences-humaines-et-sociales","fr-primary-ce2","Sciences humaines et sociales","YEAR","PARTIAL","1","0","0","1","1","[{""id"":""minedub-fr-primary-2"",""url"":""https://www.minedub.cm/download/350/archives/5868/02-programme-niveau-02-2019.pdf"",""version"":""6dc059638d59463d55f12d6c9488bf04fa1ae9c00e1d51891f80702108dce6a2""}]","[""annual-gap-v1-fr-primary-ce2-subject-6""]","[""Vie collective"",""Droits et devoirs"",""Citoyenneté"",""Paix et sécurité"",""Histoire"",""Géographie""]","Objectifs communs du niveau structurés ; tableaux détaillés propres à la classe et leçons restant à extraire.","DOCUMENTARY_ONLY_LOCAL_TEACHING_NOT_ESTABLISHED","MINEDUB_DISCIPLINE_INDEX"
"annual-scope-v1-fr-primary-ce2-education-artistique","fr-primary-ce2","Éducation artistique","YEAR","PARTIAL","1","0","0","1","1","[{""id"":""minedub-fr-primary-2"",""url"":""https://www.minedub.cm/download/350/archives/5868/02-programme-niveau-02-2019.pdf"",""version"":""6dc059638d59463d55f12d6c9488bf04fa1ae9c00e1d51891f80702108dce6a2""}]","[""annual-gap-v1-fr-primary-ce2-subject-7""]","[""Arts visuels"",""Musique"",""Arts dramatiques"",""Danse""]","Objectifs communs du niveau structurés ; tableaux détaillés propres à la classe et leçons restant à extraire.","DOCUMENTARY_ONLY_LOCAL_TEACHING_NOT_ESTABLISHED","MINEDUB_DISCIPLINE_INDEX"
"annual-scope-v1-fr-primary-ce2-education-physique-et-sportive","fr-primary-ce2","Éducation physique et sportive","YEAR","PARTIAL","1","0","0","1","1","[{""id"":""minedub-fr-primary-2"",""url"":""https://www.minedub.cm/download/350/archives/5868/02-programme-niveau-02-2019.pdf"",""version"":""6dc059638d59463d55f12d6c9488bf04fa1ae9c00e1d51891f80702108dce6a2""}]","[""annual-gap-v1-fr-primary-ce2-subject-8""]","[""Activités athlétiques"",""Sports collectifs"",""Coordination corporelle""]","Objectifs communs du niveau structurés ; tableaux détaillés propres à la classe et leçons restant à extraire.","DOCUMENTARY_ONLY_LOCAL_TEACHING_NOT_ESTABLISHED","MINEDUB_DISCIPLINE_INDEX"
"annual-scope-v1-fr-primary-ce2-developpement-personnel","fr-primary-ce2","Développement personnel","YEAR","PARTIAL","1","0","0","1","1","[{""id"":""minedub-fr-primary-2"",""url"":""https://www.minedub.cm/download/350/archives/5868/02-programme-niveau-02-2019.pdf"",""version"":""6dc059638d59463d55f12d6c9488bf04fa1ae9c00e1d51891f80702108dce6a2""}]","[""annual-gap-v1-fr-primary-ce2-subject-9""]","[""Artisanat"",""Activités agropastorales"",""Vie domestique""]","Objectifs communs du niveau structurés ; tableaux détaillés propres à la classe et leçons restant à extraire.","DOCUMENTARY_ONLY_LOCAL_TEACHING_NOT_ESTABLISHED","MINEDUB_DISCIPLINE_INDEX"
"annual-scope-v1-fr-primary-cm1-francais-et-litterature","fr-primary-cm1","Français et littérature","YEAR","PARTIAL","1","0","0","1","1","[{""id"":""minedub-fr-primary-3"",""url"":""https://www.minedub.cm/download/350/archives/5866/03-programme-niveau-03-2019.pdf"",""version"":""916bffbda61442b628c42bb8fc74703e145b6f250a51d2b06b74549ae9dcc468""}]","[""annual-gap-v1-fr-primary-cm1-subject-0""]","[""Expression orale"",""Lecture et littérature"",""Écriture"",""Étude de la langue""]","Objectifs communs du niveau structurés ; tableaux détaillés propres à la classe et leçons restant à extraire.","DOCUMENTARY_ONLY_LOCAL_TEACHING_NOT_ESTABLISHED","MINEDUB_DISCIPLINE_INDEX"
"annual-scope-v1-fr-primary-cm1-english-language","fr-primary-cm1","English language","YEAR","PARTIAL","1","0","0","1","1","[{""id"":""minedub-fr-primary-3"",""url"":""https://www.minedub.cm/download/350/archives/5866/03-programme-niveau-03-2019.pdf"",""version"":""916bffbda61442b628c42bb8fc74703e145b6f250a51d2b06b74549ae9dcc468""}]","[""annual-gap-v1-fr-primary-cm1-subject-1""]","[""Listening and speaking"",""Reading"",""Writing"",""Grammar and vocabulary""]","Objectifs communs du niveau structurés ; tableaux détaillés propres à la classe et leçons restant à extraire.","DOCUMENTARY_ONLY_LOCAL_TEACHING_NOT_ESTABLISHED","MINEDUB_DISCIPLINE_INDEX"
"annual-scope-v1-fr-primary-cm1-langues-et-cultures-nationales","fr-primary-cm1","Langues et cultures nationales","YEAR","PARTIAL","1","0","0","1","1","[{""id"":""minedub-fr-primary-3"",""url"":""https://www.minedub.cm/download/350/archives/5866/03-programme-niveau-03-2019.pdf"",""version"":""916bffbda61442b628c42bb8fc74703e145b6f250a51d2b06b74549ae9dcc468""}]","[""annual-gap-v1-fr-primary-cm1-subject-2""]","[""Communication orale"",""Culture nationale"",""Échanges et activités collectives""]","Objectifs communs du niveau structurés ; tableaux détaillés propres à la classe et leçons restant à extraire.","DOCUMENTARY_ONLY_LOCAL_TEACHING_NOT_ESTABLISHED","MINEDUB_DISCIPLINE_INDEX"
"annual-scope-v1-fr-primary-cm1-mathematiques","fr-primary-cm1","Mathématiques","YEAR","PARTIAL","7","0","0","7","7","[{""id"":""minedub-fr-primary-3"",""url"":""https://www.minedub.cm/download/350/archives/5866/03-programme-niveau-03-2019.pdf"",""version"":""916bffbda61442b628c42bb8fc74703e145b6f250a51d2b06b74549ae9dcc468""}]","[""annual-math-v1-fr-primary-cm1-1"",""annual-math-v1-fr-primary-cm1-2"",""annual-math-v1-fr-primary-cm1-3"",""annual-math-v1-fr-primary-cm1-4"",""annual-math-v1-fr-primary-cm1-5"",""annual-math-v1-fr-primary-cm1-7"",""annual-math-v1-fr-primary-cm1-8""]","[""La nature"",""Le village, la ville"",""L’école"",""Les métiers"",""Les voyages"",""Sports et loisirs"",""Dans l’espace""]","Extraits annuels et objectifs documentés ; totalité des cellules et leçons non structurée. Anomalies exclues explicitement.","DOCUMENTARY_ONLY_LOCAL_TEACHING_NOT_ESTABLISHED","MINEDUB_DISCIPLINE_INDEX"
"annual-scope-v1-fr-primary-cm1-sciences-et-technologies","fr-primary-cm1","Sciences et technologies","YEAR","PARTIAL","1","0","0","1","1","[{""id"":""minedub-fr-primary-3"",""url"":""https://www.minedub.cm/download/350/archives/5866/03-programme-niveau-03-2019.pdf"",""version"":""916bffbda61442b628c42bb8fc74703e145b6f250a51d2b06b74549ae9dcc468""}]","[""annual-gap-v1-fr-primary-cm1-subject-4""]","[""Sciences de la vie"",""Matière"",""Technologie"",""Activités agropastorales"",""Environnement""]","Objectifs communs du niveau structurés ; tableaux détaillés propres à la classe et leçons restant à extraire.","DOCUMENTARY_ONLY_LOCAL_TEACHING_NOT_ESTABLISHED","MINEDUB_DISCIPLINE_INDEX"
"annual-scope-v1-fr-primary-cm1-technologies-de-l-information-et-de-la-communication","fr-primary-cm1","Technologies de l’information et de la communication","YEAR","PARTIAL","1","0","0","1","1","[{""id"":""minedub-fr-primary-3"",""url"":""https://www.minedub.cm/download/350/archives/5866/03-programme-niveau-03-2019.pdf"",""version"":""916bffbda61442b628c42bb8fc74703e145b6f250a51d2b06b74549ae9dcc468""}]","[""annual-gap-v1-fr-primary-cm1-subject-5""]","[""Environnement informatique"",""Usages responsables"",""Santé et sécurité"",""Production numérique"",""Internet"",""Programmation élémentaire""]","Objectifs communs du niveau structurés ; tableaux détaillés propres à la classe et leçons restant à extraire.","DOCUMENTARY_ONLY_LOCAL_TEACHING_NOT_ESTABLISHED","MINEDUB_DISCIPLINE_INDEX"
"annual-scope-v1-fr-primary-cm1-sciences-humaines-et-sociales","fr-primary-cm1","Sciences humaines et sociales","YEAR","PARTIAL","1","0","0","1","1","[{""id"":""minedub-fr-primary-3"",""url"":""https://www.minedub.cm/download/350/archives/5866/03-programme-niveau-03-2019.pdf"",""version"":""916bffbda61442b628c42bb8fc74703e145b6f250a51d2b06b74549ae9dcc468""}]","[""annual-gap-v1-fr-primary-cm1-subject-6""]","[""Vie collective"",""Droits et devoirs"",""Citoyenneté"",""Paix et sécurité"",""Histoire"",""Géographie""]","Objectifs communs du niveau structurés ; tableaux détaillés propres à la classe et leçons restant à extraire.","DOCUMENTARY_ONLY_LOCAL_TEACHING_NOT_ESTABLISHED","MINEDUB_DISCIPLINE_INDEX"
"annual-scope-v1-fr-primary-cm1-education-artistique","fr-primary-cm1","Éducation artistique","YEAR","PARTIAL","1","0","0","1","1","[{""id"":""minedub-fr-primary-3"",""url"":""https://www.minedub.cm/download/350/archives/5866/03-programme-niveau-03-2019.pdf"",""version"":""916bffbda61442b628c42bb8fc74703e145b6f250a51d2b06b74549ae9dcc468""}]","[""annual-gap-v1-fr-primary-cm1-subject-7""]","[""Arts visuels"",""Musique"",""Arts dramatiques"",""Danse""]","Objectifs communs du niveau structurés ; tableaux détaillés propres à la classe et leçons restant à extraire.","DOCUMENTARY_ONLY_LOCAL_TEACHING_NOT_ESTABLISHED","MINEDUB_DISCIPLINE_INDEX"
"annual-scope-v1-fr-primary-cm1-education-physique-et-sportive","fr-primary-cm1","Éducation physique et sportive","YEAR","PARTIAL","1","0","0","1","1","[{""id"":""minedub-fr-primary-3"",""url"":""https://www.minedub.cm/download/350/archives/5866/03-programme-niveau-03-2019.pdf"",""version"":""916bffbda61442b628c42bb8fc74703e145b6f250a51d2b06b74549ae9dcc468""}]","[""annual-gap-v1-fr-primary-cm1-subject-8""]","[""Activités athlétiques"",""Sports collectifs"",""Coordination corporelle""]","Objectifs communs du niveau structurés ; tableaux détaillés propres à la classe et leçons restant à extraire.","DOCUMENTARY_ONLY_LOCAL_TEACHING_NOT_ESTABLISHED","MINEDUB_DISCIPLINE_INDEX"
"annual-scope-v1-fr-primary-cm1-developpement-personnel","fr-primary-cm1","Développement personnel","YEAR","PARTIAL","1","0","0","1","1","[{""id"":""minedub-fr-primary-3"",""url"":""https://www.minedub.cm/download/350/archives/5866/03-programme-niveau-03-2019.pdf"",""version"":""916bffbda61442b628c42bb8fc74703e145b6f250a51d2b06b74549ae9dcc468""}]","[""annual-gap-v1-fr-primary-cm1-subject-9""]","[""Artisanat"",""Activités agropastorales"",""Vie domestique""]","Objectifs communs du niveau structurés ; tableaux détaillés propres à la classe et leçons restant à extraire.","DOCUMENTARY_ONLY_LOCAL_TEACHING_NOT_ESTABLISHED","MINEDUB_DISCIPLINE_INDEX"
"annual-scope-v1-fr-primary-cm2-francais-et-litterature","fr-primary-cm2","Français et littérature","YEAR","PARTIAL","1","0","0","1","1","[{""id"":""minedub-fr-primary-3"",""url"":""https://www.minedub.cm/download/350/archives/5866/03-programme-niveau-03-2019.pdf"",""version"":""916bffbda61442b628c42bb8fc74703e145b6f250a51d2b06b74549ae9dcc468""}]","[""annual-gap-v1-fr-primary-cm2-subject-0""]","[""Expression orale"",""Lecture et littérature"",""Écriture"",""Étude de la langue""]","Objectifs communs du niveau structurés ; tableaux détaillés propres à la classe et leçons restant à extraire.","DOCUMENTARY_ONLY_LOCAL_TEACHING_NOT_ESTABLISHED","MINEDUB_DISCIPLINE_INDEX"
"annual-scope-v1-fr-primary-cm2-english-language","fr-primary-cm2","English language","YEAR","PARTIAL","1","0","0","1","1","[{""id"":""minedub-fr-primary-3"",""url"":""https://www.minedub.cm/download/350/archives/5866/03-programme-niveau-03-2019.pdf"",""version"":""916bffbda61442b628c42bb8fc74703e145b6f250a51d2b06b74549ae9dcc468""}]","[""annual-gap-v1-fr-primary-cm2-subject-1""]","[""Listening and speaking"",""Reading"",""Writing"",""Grammar and vocabulary""]","Objectifs communs du niveau structurés ; tableaux détaillés propres à la classe et leçons restant à extraire.","DOCUMENTARY_ONLY_LOCAL_TEACHING_NOT_ESTABLISHED","MINEDUB_DISCIPLINE_INDEX"
"annual-scope-v1-fr-primary-cm2-langues-et-cultures-nationales","fr-primary-cm2","Langues et cultures nationales","YEAR","PARTIAL","1","0","0","1","1","[{""id"":""minedub-fr-primary-3"",""url"":""https://www.minedub.cm/download/350/archives/5866/03-programme-niveau-03-2019.pdf"",""version"":""916bffbda61442b628c42bb8fc74703e145b6f250a51d2b06b74549ae9dcc468""}]","[""annual-gap-v1-fr-primary-cm2-subject-2""]","[""Communication orale"",""Culture nationale"",""Échanges et activités collectives""]","Objectifs communs du niveau structurés ; tableaux détaillés propres à la classe et leçons restant à extraire.","DOCUMENTARY_ONLY_LOCAL_TEACHING_NOT_ESTABLISHED","MINEDUB_DISCIPLINE_INDEX"
"annual-scope-v1-fr-primary-cm2-mathematiques","fr-primary-cm2","Mathématiques","YEAR","PARTIAL","7","0","0","7","7","[{""id"":""minedub-fr-primary-3"",""url"":""https://www.minedub.cm/download/350/archives/5866/03-programme-niveau-03-2019.pdf"",""version"":""916bffbda61442b628c42bb8fc74703e145b6f250a51d2b06b74549ae9dcc468""}]","[""annual-math-v1-fr-primary-cm2-1"",""annual-math-v1-fr-primary-cm2-2"",""annual-math-v1-fr-primary-cm2-3"",""annual-math-v1-fr-primary-cm2-4"",""annual-math-v1-fr-primary-cm2-5"",""annual-math-v1-fr-primary-cm2-7"",""annual-math-v1-fr-primary-cm2-8""]","[""La nature"",""Le village, la ville"",""L’école"",""Les métiers"",""Les voyages"",""Sports et loisirs"",""Dans l’espace""]","Extraits annuels et objectifs documentés ; totalité des cellules et leçons non structurée. Anomalies exclues explicitement.","DOCUMENTARY_ONLY_LOCAL_TEACHING_NOT_ESTABLISHED","MINEDUB_DISCIPLINE_INDEX"
"annual-scope-v1-fr-primary-cm2-sciences-et-technologies","fr-primary-cm2","Sciences et technologies","YEAR","PARTIAL","1","0","0","1","1","[{""id"":""minedub-fr-primary-3"",""url"":""https://www.minedub.cm/download/350/archives/5866/03-programme-niveau-03-2019.pdf"",""version"":""916bffbda61442b628c42bb8fc74703e145b6f250a51d2b06b74549ae9dcc468""}]","[""annual-gap-v1-fr-primary-cm2-subject-4""]","[""Sciences de la vie"",""Matière"",""Technologie"",""Activités agropastorales"",""Environnement""]","Objectifs communs du niveau structurés ; tableaux détaillés propres à la classe et leçons restant à extraire.","DOCUMENTARY_ONLY_LOCAL_TEACHING_NOT_ESTABLISHED","MINEDUB_DISCIPLINE_INDEX"
"annual-scope-v1-fr-primary-cm2-technologies-de-l-information-et-de-la-communication","fr-primary-cm2","Technologies de l’information et de la communication","YEAR","PARTIAL","1","0","0","1","1","[{""id"":""minedub-fr-primary-3"",""url"":""https://www.minedub.cm/download/350/archives/5866/03-programme-niveau-03-2019.pdf"",""version"":""916bffbda61442b628c42bb8fc74703e145b6f250a51d2b06b74549ae9dcc468""}]","[""annual-gap-v1-fr-primary-cm2-subject-5""]","[""Environnement informatique"",""Usages responsables"",""Santé et sécurité"",""Production numérique"",""Internet"",""Programmation élémentaire""]","Objectifs communs du niveau structurés ; tableaux détaillés propres à la classe et leçons restant à extraire.","DOCUMENTARY_ONLY_LOCAL_TEACHING_NOT_ESTABLISHED","MINEDUB_DISCIPLINE_INDEX"
"annual-scope-v1-fr-primary-cm2-sciences-humaines-et-sociales","fr-primary-cm2","Sciences humaines et sociales","YEAR","PARTIAL","1","0","0","1","1","[{""id"":""minedub-fr-primary-3"",""url"":""https://www.minedub.cm/download/350/archives/5866/03-programme-niveau-03-2019.pdf"",""version"":""916bffbda61442b628c42bb8fc74703e145b6f250a51d2b06b74549ae9dcc468""}]","[""annual-gap-v1-fr-primary-cm2-subject-6""]","[""Vie collective"",""Droits et devoirs"",""Citoyenneté"",""Paix et sécurité"",""Histoire"",""Géographie""]","Objectifs communs du niveau structurés ; tableaux détaillés propres à la classe et leçons restant à extraire.","DOCUMENTARY_ONLY_LOCAL_TEACHING_NOT_ESTABLISHED","MINEDUB_DISCIPLINE_INDEX"
"annual-scope-v1-fr-primary-cm2-education-artistique","fr-primary-cm2","Éducation artistique","YEAR","PARTIAL","1","0","0","1","1","[{""id"":""minedub-fr-primary-3"",""url"":""https://www.minedub.cm/download/350/archives/5866/03-programme-niveau-03-2019.pdf"",""version"":""916bffbda61442b628c42bb8fc74703e145b6f250a51d2b06b74549ae9dcc468""}]","[""annual-gap-v1-fr-primary-cm2-subject-7""]","[""Arts visuels"",""Musique"",""Arts dramatiques"",""Danse""]","Objectifs communs du niveau structurés ; tableaux détaillés propres à la classe et leçons restant à extraire.","DOCUMENTARY_ONLY_LOCAL_TEACHING_NOT_ESTABLISHED","MINEDUB_DISCIPLINE_INDEX"
"annual-scope-v1-fr-primary-cm2-education-physique-et-sportive","fr-primary-cm2","Éducation physique et sportive","YEAR","PARTIAL","1","0","0","1","1","[{""id"":""minedub-fr-primary-3"",""url"":""https://www.minedub.cm/download/350/archives/5866/03-programme-niveau-03-2019.pdf"",""version"":""916bffbda61442b628c42bb8fc74703e145b6f250a51d2b06b74549ae9dcc468""}]","[""annual-gap-v1-fr-primary-cm2-subject-8""]","[""Activités athlétiques"",""Sports collectifs"",""Coordination corporelle""]","Objectifs communs du niveau structurés ; tableaux détaillés propres à la classe et leçons restant à extraire.","DOCUMENTARY_ONLY_LOCAL_TEACHING_NOT_ESTABLISHED","MINEDUB_DISCIPLINE_INDEX"
"annual-scope-v1-fr-primary-cm2-developpement-personnel","fr-primary-cm2","Développement personnel","YEAR","PARTIAL","1","0","0","1","1","[{""id"":""minedub-fr-primary-3"",""url"":""https://www.minedub.cm/download/350/archives/5866/03-programme-niveau-03-2019.pdf"",""version"":""916bffbda61442b628c42bb8fc74703e145b6f250a51d2b06b74549ae9dcc468""}]","[""annual-gap-v1-fr-primary-cm2-subject-9""]","[""Artisanat"",""Activités agropastorales"",""Vie domestique""]","Objectifs communs du niveau structurés ; tableaux détaillés propres à la classe et leçons restant à extraire.","DOCUMENTARY_ONLY_LOCAL_TEACHING_NOT_ESTABLISHED","MINEDUB_DISCIPLINE_INDEX"
"annual-scope-v1-en-primary-1-english-language","en-primary-1","English Language","YEAR","PARTIAL","1","0","0","1","1","[{""id"":""minedub-en-primary-1"",""url"":""https://www.minedub.cm/download/350/archives/5853/01-program-level-one-2019.pdf"",""version"":""38a7c7eddea5ede2bc05bf071716e7067fd9fb987cad2d43fd33a9e294baf957""}]","[""annual-gap-v1-en-primary-1-subject-0""]","[""Listening and speaking"",""Reading"",""Writing""]","Objectifs communs du niveau structurés ; tableaux détaillés propres à la classe et leçons restant à extraire.","DOCUMENTARY_ONLY_LOCAL_TEACHING_NOT_ESTABLISHED","MINEDUB_DISCIPLINE_INDEX"
"annual-scope-v1-en-primary-1-mathematics","en-primary-1","Mathematics","YEAR","PARTIAL","5","0","0","5","5","[{""id"":""minedub-en-primary-1"",""url"":""https://www.minedub.cm/download/350/archives/5853/01-program-level-one-2019.pdf"",""version"":""38a7c7eddea5ede2bc05bf071716e7067fd9fb987cad2d43fd33a9e294baf957""}]","[""annual-math-v1-en-primary-1-1"",""annual-math-v1-en-primary-1-2"",""annual-math-v1-en-primary-1-3"",""annual-math-v1-en-primary-1-4"",""annual-math-v1-en-primary-1-5""]","[""Sets and logic"",""Numbers and operations"",""Measurement and size"",""Geometry and space"",""Graphs and statistics""]","Extraits annuels et objectifs documentés ; totalité des cellules et leçons non structurée. Anomalies exclues explicitement.","DOCUMENTARY_ONLY_LOCAL_TEACHING_NOT_ESTABLISHED","MINEDUB_DISCIPLINE_INDEX"
"annual-scope-v1-en-primary-1-science-and-technology","en-primary-1","Science and Technology","YEAR","PARTIAL","1","0","0","1","1","[{""id"":""minedub-en-primary-1"",""url"":""https://www.minedub.cm/download/350/archives/5853/01-program-level-one-2019.pdf"",""version"":""38a7c7eddea5ede2bc05bf071716e7067fd9fb987cad2d43fd33a9e294baf957""}]","[""annual-gap-v1-en-primary-1-subject-2""]","[""Health"",""Environment"",""Technology""]","Objectifs communs du niveau structurés ; tableaux détaillés propres à la classe et leçons restant à extraire.","DOCUMENTARY_ONLY_LOCAL_TEACHING_NOT_ESTABLISHED","MINEDUB_DISCIPLINE_INDEX"
"annual-scope-v1-en-primary-1-francais","en-primary-1","Français","YEAR","PARTIAL","1","0","0","1","1","[{""id"":""minedub-en-primary-1"",""url"":""https://www.minedub.cm/download/350/archives/5853/01-program-level-one-2019.pdf"",""version"":""38a7c7eddea5ede2bc05bf071716e7067fd9fb987cad2d43fd33a9e294baf957""}]","[""annual-gap-v1-en-primary-1-subject-3""]","[""Compréhension orale"",""Expression orale"",""Lecture"",""Production écrite""]","Objectifs communs du niveau structurés ; tableaux détaillés propres à la classe et leçons restant à extraire.","DOCUMENTARY_ONLY_LOCAL_TEACHING_NOT_ESTABLISHED","MINEDUB_DISCIPLINE_INDEX"
"annual-scope-v1-en-primary-1-social-studies","en-primary-1","Social Studies","YEAR","PARTIAL","1","0","0","1","1","[{""id"":""minedub-en-primary-1"",""url"":""https://www.minedub.cm/download/350/archives/5853/01-program-level-one-2019.pdf"",""version"":""38a7c7eddea5ede2bc05bf071716e7067fd9fb987cad2d43fd33a9e294baf957""}]","[""annual-gap-v1-en-primary-1-subject-4""]","[""Citizenship"",""Human activities"",""Harmonious living""]","Objectifs communs du niveau structurés ; tableaux détaillés propres à la classe et leçons restant à extraire.","DOCUMENTARY_ONLY_LOCAL_TEACHING_NOT_ESTABLISHED","MINEDUB_DISCIPLINE_INDEX"
"annual-scope-v1-en-primary-1-vocational-studies","en-primary-1","Vocational Studies","YEAR","PARTIAL","1","0","0","1","1","[{""id"":""minedub-en-primary-1"",""url"":""https://www.minedub.cm/download/350/archives/5853/01-program-level-one-2019.pdf"",""version"":""38a7c7eddea5ede2bc05bf071716e7067fd9fb987cad2d43fd33a9e294baf957""}]","[""annual-gap-v1-en-primary-1-subject-5""]","[""Production"",""Home management"",""Collaboration""]","Objectifs communs du niveau structurés ; tableaux détaillés propres à la classe et leçons restant à extraire.","DOCUMENTARY_ONLY_LOCAL_TEACHING_NOT_ESTABLISHED","MINEDUB_DISCIPLINE_INDEX"
"annual-scope-v1-en-primary-1-arts","en-primary-1","Arts","YEAR","PARTIAL","1","0","0","1","1","[{""id"":""minedub-en-primary-1"",""url"":""https://www.minedub.cm/download/350/archives/5853/01-program-level-one-2019.pdf"",""version"":""38a7c7eddea5ede2bc05bf071716e7067fd9fb987cad2d43fd33a9e294baf957""}]","[""annual-gap-v1-en-primary-1-subject-6""]","[""Visual arts"",""Performing arts""]","Objectifs communs du niveau structurés ; tableaux détaillés propres à la classe et leçons restant à extraire.","DOCUMENTARY_ONLY_LOCAL_TEACHING_NOT_ESTABLISHED","MINEDUB_DISCIPLINE_INDEX"
"annual-scope-v1-en-primary-1-physical-education-and-sports","en-primary-1","Physical Education and Sports","YEAR","PARTIAL","1","0","0","1","1","[{""id"":""minedub-en-primary-1"",""url"":""https://www.minedub.cm/download/350/archives/5853/01-program-level-one-2019.pdf"",""version"":""38a7c7eddea5ede2bc05bf071716e7067fd9fb987cad2d43fd33a9e294baf957""}]","[""annual-gap-v1-en-primary-1-subject-7""]","[""Body awareness"",""Movement"",""Cooperation""]","Objectifs communs du niveau structurés ; tableaux détaillés propres à la classe et leçons restant à extraire.","DOCUMENTARY_ONLY_LOCAL_TEACHING_NOT_ESTABLISHED","MINEDUB_DISCIPLINE_INDEX"
"annual-scope-v1-en-primary-1-national-languages-and-cultures","en-primary-1","National Languages and Cultures","YEAR","PARTIAL","1","0","0","1","1","[{""id"":""minedub-en-primary-1"",""url"":""https://www.minedub.cm/download/350/archives/5853/01-program-level-one-2019.pdf"",""version"":""38a7c7eddea5ede2bc05bf071716e7067fd9fb987cad2d43fd33a9e294baf957""}]","[""annual-gap-v1-en-primary-1-subject-8""]","[""Oral communication"",""Reading and writing"",""Songs and cultural scenes""]","Objectifs communs du niveau structurés ; tableaux détaillés propres à la classe et leçons restant à extraire.","DOCUMENTARY_ONLY_LOCAL_TEACHING_NOT_ESTABLISHED","MINEDUB_DISCIPLINE_INDEX"
"annual-scope-v1-en-primary-1-information-and-communication-technologies","en-primary-1","Information and Communication Technologies","YEAR","PARTIAL","1","0","0","1","1","[{""id"":""minedub-en-primary-1"",""url"":""https://www.minedub.cm/download/350/archives/5853/01-program-level-one-2019.pdf"",""version"":""38a7c7eddea5ede2bc05bf071716e7067fd9fb987cad2d43fd33a9e294baf957""}]","[""annual-gap-v1-en-primary-1-subject-9""]","[""Equipment"",""Productivity tools"",""Safety"",""Computational thinking""]","Objectifs communs du niveau structurés ; tableaux détaillés propres à la classe et leçons restant à extraire.","DOCUMENTARY_ONLY_LOCAL_TEACHING_NOT_ESTABLISHED","MINEDUB_DISCIPLINE_INDEX"
"annual-scope-v1-en-primary-2-english-language","en-primary-2","English Language","YEAR","PARTIAL","1","0","0","1","1","[{""id"":""minedub-en-primary-1"",""url"":""https://www.minedub.cm/download/350/archives/5853/01-program-level-one-2019.pdf"",""version"":""38a7c7eddea5ede2bc05bf071716e7067fd9fb987cad2d43fd33a9e294baf957""}]","[""annual-gap-v1-en-primary-2-subject-0""]","[""Listening and speaking"",""Reading"",""Writing""]","Objectifs communs du niveau structurés ; tableaux détaillés propres à la classe et leçons restant à extraire.","DOCUMENTARY_ONLY_LOCAL_TEACHING_NOT_ESTABLISHED","MINEDUB_DISCIPLINE_INDEX"
"annual-scope-v1-en-primary-2-mathematics","en-primary-2","Mathematics","YEAR","PARTIAL","5","0","0","5","5","[{""id"":""minedub-en-primary-1"",""url"":""https://www.minedub.cm/download/350/archives/5853/01-program-level-one-2019.pdf"",""version"":""38a7c7eddea5ede2bc05bf071716e7067fd9fb987cad2d43fd33a9e294baf957""}]","[""annual-math-v1-en-primary-2-1"",""annual-math-v1-en-primary-2-2"",""annual-math-v1-en-primary-2-3"",""annual-math-v1-en-primary-2-4"",""annual-math-v1-en-primary-2-5""]","[""Sets and logic"",""Numbers and operations"",""Measurement and size"",""Geometry and space"",""Graphs and statistics""]","Extraits annuels et objectifs documentés ; totalité des cellules et leçons non structurée. Anomalies exclues explicitement.","DOCUMENTARY_ONLY_LOCAL_TEACHING_NOT_ESTABLISHED","MINEDUB_DISCIPLINE_INDEX"
"annual-scope-v1-en-primary-2-science-and-technology","en-primary-2","Science and Technology","YEAR","PARTIAL","1","0","0","1","1","[{""id"":""minedub-en-primary-1"",""url"":""https://www.minedub.cm/download/350/archives/5853/01-program-level-one-2019.pdf"",""version"":""38a7c7eddea5ede2bc05bf071716e7067fd9fb987cad2d43fd33a9e294baf957""}]","[""annual-gap-v1-en-primary-2-subject-2""]","[""Health"",""Environment"",""Technology""]","Objectifs communs du niveau structurés ; tableaux détaillés propres à la classe et leçons restant à extraire.","DOCUMENTARY_ONLY_LOCAL_TEACHING_NOT_ESTABLISHED","MINEDUB_DISCIPLINE_INDEX"
"annual-scope-v1-en-primary-2-francais","en-primary-2","Français","YEAR","PARTIAL","1","0","0","1","1","[{""id"":""minedub-en-primary-1"",""url"":""https://www.minedub.cm/download/350/archives/5853/01-program-level-one-2019.pdf"",""version"":""38a7c7eddea5ede2bc05bf071716e7067fd9fb987cad2d43fd33a9e294baf957""}]","[""annual-gap-v1-en-primary-2-subject-3""]","[""Compréhension orale"",""Expression orale"",""Lecture"",""Production écrite""]","Objectifs communs du niveau structurés ; tableaux détaillés propres à la classe et leçons restant à extraire.","DOCUMENTARY_ONLY_LOCAL_TEACHING_NOT_ESTABLISHED","MINEDUB_DISCIPLINE_INDEX"
"annual-scope-v1-en-primary-2-social-studies","en-primary-2","Social Studies","YEAR","PARTIAL","1","0","0","1","1","[{""id"":""minedub-en-primary-1"",""url"":""https://www.minedub.cm/download/350/archives/5853/01-program-level-one-2019.pdf"",""version"":""38a7c7eddea5ede2bc05bf071716e7067fd9fb987cad2d43fd33a9e294baf957""}]","[""annual-gap-v1-en-primary-2-subject-4""]","[""Citizenship"",""Human activities"",""Harmonious living""]","Objectifs communs du niveau structurés ; tableaux détaillés propres à la classe et leçons restant à extraire.","DOCUMENTARY_ONLY_LOCAL_TEACHING_NOT_ESTABLISHED","MINEDUB_DISCIPLINE_INDEX"
"annual-scope-v1-en-primary-2-vocational-studies","en-primary-2","Vocational Studies","YEAR","PARTIAL","1","0","0","1","1","[{""id"":""minedub-en-primary-1"",""url"":""https://www.minedub.cm/download/350/archives/5853/01-program-level-one-2019.pdf"",""version"":""38a7c7eddea5ede2bc05bf071716e7067fd9fb987cad2d43fd33a9e294baf957""}]","[""annual-gap-v1-en-primary-2-subject-5""]","[""Production"",""Home management"",""Collaboration""]","Objectifs communs du niveau structurés ; tableaux détaillés propres à la classe et leçons restant à extraire.","DOCUMENTARY_ONLY_LOCAL_TEACHING_NOT_ESTABLISHED","MINEDUB_DISCIPLINE_INDEX"
"annual-scope-v1-en-primary-2-arts","en-primary-2","Arts","YEAR","PARTIAL","1","0","0","1","1","[{""id"":""minedub-en-primary-1"",""url"":""https://www.minedub.cm/download/350/archives/5853/01-program-level-one-2019.pdf"",""version"":""38a7c7eddea5ede2bc05bf071716e7067fd9fb987cad2d43fd33a9e294baf957""}]","[""annual-gap-v1-en-primary-2-subject-6""]","[""Visual arts"",""Performing arts""]","Objectifs communs du niveau structurés ; tableaux détaillés propres à la classe et leçons restant à extraire.","DOCUMENTARY_ONLY_LOCAL_TEACHING_NOT_ESTABLISHED","MINEDUB_DISCIPLINE_INDEX"
"annual-scope-v1-en-primary-2-physical-education-and-sports","en-primary-2","Physical Education and Sports","YEAR","PARTIAL","1","0","0","1","1","[{""id"":""minedub-en-primary-1"",""url"":""https://www.minedub.cm/download/350/archives/5853/01-program-level-one-2019.pdf"",""version"":""38a7c7eddea5ede2bc05bf071716e7067fd9fb987cad2d43fd33a9e294baf957""}]","[""annual-gap-v1-en-primary-2-subject-7""]","[""Body awareness"",""Movement"",""Cooperation""]","Objectifs communs du niveau structurés ; tableaux détaillés propres à la classe et leçons restant à extraire.","DOCUMENTARY_ONLY_LOCAL_TEACHING_NOT_ESTABLISHED","MINEDUB_DISCIPLINE_INDEX"
"annual-scope-v1-en-primary-2-national-languages-and-cultures","en-primary-2","National Languages and Cultures","YEAR","PARTIAL","1","0","0","1","1","[{""id"":""minedub-en-primary-1"",""url"":""https://www.minedub.cm/download/350/archives/5853/01-program-level-one-2019.pdf"",""version"":""38a7c7eddea5ede2bc05bf071716e7067fd9fb987cad2d43fd33a9e294baf957""}]","[""annual-gap-v1-en-primary-2-subject-8""]","[""Oral communication"",""Reading and writing"",""Songs and cultural scenes""]","Objectifs communs du niveau structurés ; tableaux détaillés propres à la classe et leçons restant à extraire.","DOCUMENTARY_ONLY_LOCAL_TEACHING_NOT_ESTABLISHED","MINEDUB_DISCIPLINE_INDEX"
"annual-scope-v1-en-primary-2-information-and-communication-technologies","en-primary-2","Information and Communication Technologies","YEAR","PARTIAL","1","0","0","1","1","[{""id"":""minedub-en-primary-1"",""url"":""https://www.minedub.cm/download/350/archives/5853/01-program-level-one-2019.pdf"",""version"":""38a7c7eddea5ede2bc05bf071716e7067fd9fb987cad2d43fd33a9e294baf957""}]","[""annual-gap-v1-en-primary-2-subject-9""]","[""Equipment"",""Productivity tools"",""Safety"",""Computational thinking""]","Objectifs communs du niveau structurés ; tableaux détaillés propres à la classe et leçons restant à extraire.","DOCUMENTARY_ONLY_LOCAL_TEACHING_NOT_ESTABLISHED","MINEDUB_DISCIPLINE_INDEX"
"annual-scope-v1-en-primary-3-english-language-and-literature","en-primary-3","English Language and Literature","YEAR","PARTIAL","1","0","0","1","1","[{""id"":""minedub-en-primary-2"",""url"":""https://www.minedub.cm/download/350/archives/5850/02-program-level-two-2019.pdf"",""version"":""1921b9d044f23849c1532f403021e0a8d23a46123d4b225b8b083b827e3fdd1c""}]","[""annual-gap-v1-en-primary-3-subject-0""]","[""Listening and speaking"",""Reading"",""Writing""]","Objectifs communs du niveau structurés ; tableaux détaillés propres à la classe et leçons restant à extraire.","DOCUMENTARY_ONLY_LOCAL_TEACHING_NOT_ESTABLISHED","MINEDUB_DISCIPLINE_INDEX"
"annual-scope-v1-en-primary-3-mathematics","en-primary-3","Mathematics","YEAR","PARTIAL","5","0","0","5","5","[{""id"":""minedub-en-primary-2"",""url"":""https://www.minedub.cm/download/350/archives/5850/02-program-level-two-2019.pdf"",""version"":""1921b9d044f23849c1532f403021e0a8d23a46123d4b225b8b083b827e3fdd1c""}]","[""annual-math-v1-en-primary-3-1"",""annual-math-v1-en-primary-3-2"",""annual-math-v1-en-primary-3-3"",""annual-math-v1-en-primary-3-4"",""annual-math-v1-en-primary-3-5""]","[""Sets and logic"",""Numbers and operations"",""Measurement and size"",""Geometry and space"",""Graphs and statistics""]","Extraits annuels et objectifs documentés ; totalité des cellules et leçons non structurée. Anomalies exclues explicitement.","DOCUMENTARY_ONLY_LOCAL_TEACHING_NOT_ESTABLISHED","MINEDUB_DISCIPLINE_INDEX"
"annual-scope-v1-en-primary-3-science-and-technology","en-primary-3","Science and Technology","YEAR","PARTIAL","1","0","0","1","1","[{""id"":""minedub-en-primary-2"",""url"":""https://www.minedub.cm/download/350/archives/5850/02-program-level-two-2019.pdf"",""version"":""1921b9d044f23849c1532f403021e0a8d23a46123d4b225b8b083b827e3fdd1c""}]","[""annual-gap-v1-en-primary-3-subject-2""]","[""Health"",""Environment"",""Technology""]","Objectifs communs du niveau structurés ; tableaux détaillés propres à la classe et leçons restant à extraire.","DOCUMENTARY_ONLY_LOCAL_TEACHING_NOT_ESTABLISHED","MINEDUB_DISCIPLINE_INDEX"
"annual-scope-v1-en-primary-3-francais","en-primary-3","Français","YEAR","PARTIAL","1","0","0","1","1","[{""id"":""minedub-en-primary-2"",""url"":""https://www.minedub.cm/download/350/archives/5850/02-program-level-two-2019.pdf"",""version"":""1921b9d044f23849c1532f403021e0a8d23a46123d4b225b8b083b827e3fdd1c""}]","[""annual-gap-v1-en-primary-3-subject-3""]","[""Compréhension orale"",""Expression orale"",""Lecture"",""Production écrite""]","Objectifs communs du niveau structurés ; tableaux détaillés propres à la classe et leçons restant à extraire.","DOCUMENTARY_ONLY_LOCAL_TEACHING_NOT_ESTABLISHED","MINEDUB_DISCIPLINE_INDEX"
"annual-scope-v1-en-primary-3-social-studies","en-primary-3","Social Studies","YEAR","PARTIAL","1","0","0","1","1","[{""id"":""minedub-en-primary-2"",""url"":""https://www.minedub.cm/download/350/archives/5850/02-program-level-two-2019.pdf"",""version"":""1921b9d044f23849c1532f403021e0a8d23a46123d4b225b8b083b827e3fdd1c""}]","[""annual-gap-v1-en-primary-3-subject-4""]","[""Citizenship"",""Human activities"",""Harmonious living""]","Objectifs communs du niveau structurés ; tableaux détaillés propres à la classe et leçons restant à extraire.","DOCUMENTARY_ONLY_LOCAL_TEACHING_NOT_ESTABLISHED","MINEDUB_DISCIPLINE_INDEX"
"annual-scope-v1-en-primary-3-vocational-studies","en-primary-3","Vocational Studies","YEAR","PARTIAL","1","0","0","1","1","[{""id"":""minedub-en-primary-2"",""url"":""https://www.minedub.cm/download/350/archives/5850/02-program-level-two-2019.pdf"",""version"":""1921b9d044f23849c1532f403021e0a8d23a46123d4b225b8b083b827e3fdd1c""}]","[""annual-gap-v1-en-primary-3-subject-5""]","[""Production"",""Home management"",""Collaboration""]","Objectifs communs du niveau structurés ; tableaux détaillés propres à la classe et leçons restant à extraire.","DOCUMENTARY_ONLY_LOCAL_TEACHING_NOT_ESTABLISHED","MINEDUB_DISCIPLINE_INDEX"
"annual-scope-v1-en-primary-3-arts","en-primary-3","Arts","YEAR","PARTIAL","1","0","0","1","1","[{""id"":""minedub-en-primary-2"",""url"":""https://www.minedub.cm/download/350/archives/5850/02-program-level-two-2019.pdf"",""version"":""1921b9d044f23849c1532f403021e0a8d23a46123d4b225b8b083b827e3fdd1c""}]","[""annual-gap-v1-en-primary-3-subject-6""]","[""Visual arts"",""Performing arts""]","Objectifs communs du niveau structurés ; tableaux détaillés propres à la classe et leçons restant à extraire.","DOCUMENTARY_ONLY_LOCAL_TEACHING_NOT_ESTABLISHED","MINEDUB_DISCIPLINE_INDEX"
"annual-scope-v1-en-primary-3-physical-education-and-sports","en-primary-3","Physical Education and Sports","YEAR","PARTIAL","1","0","0","1","1","[{""id"":""minedub-en-primary-2"",""url"":""https://www.minedub.cm/download/350/archives/5850/02-program-level-two-2019.pdf"",""version"":""1921b9d044f23849c1532f403021e0a8d23a46123d4b225b8b083b827e3fdd1c""}]","[""annual-gap-v1-en-primary-3-subject-7""]","[""Body awareness"",""Movement"",""Cooperation""]","Objectifs communs du niveau structurés ; tableaux détaillés propres à la classe et leçons restant à extraire.","DOCUMENTARY_ONLY_LOCAL_TEACHING_NOT_ESTABLISHED","MINEDUB_DISCIPLINE_INDEX"
"annual-scope-v1-en-primary-3-national-languages-and-cultures","en-primary-3","National Languages and Cultures","YEAR","PARTIAL","1","0","0","1","1","[{""id"":""minedub-en-primary-2"",""url"":""https://www.minedub.cm/download/350/archives/5850/02-program-level-two-2019.pdf"",""version"":""1921b9d044f23849c1532f403021e0a8d23a46123d4b225b8b083b827e3fdd1c""}]","[""annual-gap-v1-en-primary-3-subject-8""]","[""Oral communication"",""Reading and writing"",""Songs and cultural scenes""]","Objectifs communs du niveau structurés ; tableaux détaillés propres à la classe et leçons restant à extraire.","DOCUMENTARY_ONLY_LOCAL_TEACHING_NOT_ESTABLISHED","MINEDUB_DISCIPLINE_INDEX"
"annual-scope-v1-en-primary-3-information-and-communication-technologies","en-primary-3","Information and Communication Technologies","YEAR","PARTIAL","1","0","0","1","1","[{""id"":""minedub-en-primary-2"",""url"":""https://www.minedub.cm/download/350/archives/5850/02-program-level-two-2019.pdf"",""version"":""1921b9d044f23849c1532f403021e0a8d23a46123d4b225b8b083b827e3fdd1c""}]","[""annual-gap-v1-en-primary-3-subject-9""]","[""Equipment"",""Productivity tools"",""Safety"",""Computational thinking""]","Objectifs communs du niveau structurés ; tableaux détaillés propres à la classe et leçons restant à extraire.","DOCUMENTARY_ONLY_LOCAL_TEACHING_NOT_ESTABLISHED","MINEDUB_DISCIPLINE_INDEX"
"annual-scope-v1-en-primary-4-english-language-and-literature","en-primary-4","English Language and Literature","YEAR","PARTIAL","1","0","0","1","1","[{""id"":""minedub-en-primary-2"",""url"":""https://www.minedub.cm/download/350/archives/5850/02-program-level-two-2019.pdf"",""version"":""1921b9d044f23849c1532f403021e0a8d23a46123d4b225b8b083b827e3fdd1c""}]","[""annual-gap-v1-en-primary-4-subject-0""]","[""Listening and speaking"",""Reading"",""Writing""]","Objectifs communs du niveau structurés ; tableaux détaillés propres à la classe et leçons restant à extraire.","DOCUMENTARY_ONLY_LOCAL_TEACHING_NOT_ESTABLISHED","MINEDUB_DISCIPLINE_INDEX"
"annual-scope-v1-en-primary-4-mathematics","en-primary-4","Mathematics","YEAR","PARTIAL","5","0","0","5","5","[{""id"":""minedub-en-primary-2"",""url"":""https://www.minedub.cm/download/350/archives/5850/02-program-level-two-2019.pdf"",""version"":""1921b9d044f23849c1532f403021e0a8d23a46123d4b225b8b083b827e3fdd1c""}]","[""annual-math-v1-en-primary-4-1"",""annual-math-v1-en-primary-4-2"",""annual-math-v1-en-primary-4-3"",""annual-math-v1-en-primary-4-4"",""annual-math-v1-en-primary-4-5""]","[""Sets and logic"",""Numbers and operations"",""Measurement and size"",""Geometry and space"",""Graphs and statistics""]","Extraits annuels et objectifs documentés ; totalité des cellules et leçons non structurée. Anomalies exclues explicitement.","DOCUMENTARY_ONLY_LOCAL_TEACHING_NOT_ESTABLISHED","MINEDUB_DISCIPLINE_INDEX"
"annual-scope-v1-en-primary-4-science-and-technology","en-primary-4","Science and Technology","YEAR","PARTIAL","1","0","0","1","1","[{""id"":""minedub-en-primary-2"",""url"":""https://www.minedub.cm/download/350/archives/5850/02-program-level-two-2019.pdf"",""version"":""1921b9d044f23849c1532f403021e0a8d23a46123d4b225b8b083b827e3fdd1c""}]","[""annual-gap-v1-en-primary-4-subject-2""]","[""Health"",""Environment"",""Technology""]","Objectifs communs du niveau structurés ; tableaux détaillés propres à la classe et leçons restant à extraire.","DOCUMENTARY_ONLY_LOCAL_TEACHING_NOT_ESTABLISHED","MINEDUB_DISCIPLINE_INDEX"
"annual-scope-v1-en-primary-4-francais","en-primary-4","Français","YEAR","PARTIAL","1","0","0","1","1","[{""id"":""minedub-en-primary-2"",""url"":""https://www.minedub.cm/download/350/archives/5850/02-program-level-two-2019.pdf"",""version"":""1921b9d044f23849c1532f403021e0a8d23a46123d4b225b8b083b827e3fdd1c""}]","[""annual-gap-v1-en-primary-4-subject-3""]","[""Compréhension orale"",""Expression orale"",""Lecture"",""Production écrite""]","Objectifs communs du niveau structurés ; tableaux détaillés propres à la classe et leçons restant à extraire.","DOCUMENTARY_ONLY_LOCAL_TEACHING_NOT_ESTABLISHED","MINEDUB_DISCIPLINE_INDEX"
"annual-scope-v1-en-primary-4-social-studies","en-primary-4","Social Studies","YEAR","PARTIAL","1","0","0","1","1","[{""id"":""minedub-en-primary-2"",""url"":""https://www.minedub.cm/download/350/archives/5850/02-program-level-two-2019.pdf"",""version"":""1921b9d044f23849c1532f403021e0a8d23a46123d4b225b8b083b827e3fdd1c""}]","[""annual-gap-v1-en-primary-4-subject-4""]","[""Citizenship"",""Human activities"",""Harmonious living""]","Objectifs communs du niveau structurés ; tableaux détaillés propres à la classe et leçons restant à extraire.","DOCUMENTARY_ONLY_LOCAL_TEACHING_NOT_ESTABLISHED","MINEDUB_DISCIPLINE_INDEX"
"annual-scope-v1-en-primary-4-vocational-studies","en-primary-4","Vocational Studies","YEAR","PARTIAL","1","0","0","1","1","[{""id"":""minedub-en-primary-2"",""url"":""https://www.minedub.cm/download/350/archives/5850/02-program-level-two-2019.pdf"",""version"":""1921b9d044f23849c1532f403021e0a8d23a46123d4b225b8b083b827e3fdd1c""}]","[""annual-gap-v1-en-primary-4-subject-5""]","[""Production"",""Home management"",""Collaboration""]","Objectifs communs du niveau structurés ; tableaux détaillés propres à la classe et leçons restant à extraire.","DOCUMENTARY_ONLY_LOCAL_TEACHING_NOT_ESTABLISHED","MINEDUB_DISCIPLINE_INDEX"
"annual-scope-v1-en-primary-4-arts","en-primary-4","Arts","YEAR","PARTIAL","1","0","0","1","1","[{""id"":""minedub-en-primary-2"",""url"":""https://www.minedub.cm/download/350/archives/5850/02-program-level-two-2019.pdf"",""version"":""1921b9d044f23849c1532f403021e0a8d23a46123d4b225b8b083b827e3fdd1c""}]","[""annual-gap-v1-en-primary-4-subject-6""]","[""Visual arts"",""Performing arts""]","Objectifs communs du niveau structurés ; tableaux détaillés propres à la classe et leçons restant à extraire.","DOCUMENTARY_ONLY_LOCAL_TEACHING_NOT_ESTABLISHED","MINEDUB_DISCIPLINE_INDEX"
"annual-scope-v1-en-primary-4-physical-education-and-sports","en-primary-4","Physical Education and Sports","YEAR","PARTIAL","1","0","0","1","1","[{""id"":""minedub-en-primary-2"",""url"":""https://www.minedub.cm/download/350/archives/5850/02-program-level-two-2019.pdf"",""version"":""1921b9d044f23849c1532f403021e0a8d23a46123d4b225b8b083b827e3fdd1c""}]","[""annual-gap-v1-en-primary-4-subject-7""]","[""Body awareness"",""Movement"",""Cooperation""]","Objectifs communs du niveau structurés ; tableaux détaillés propres à la classe et leçons restant à extraire.","DOCUMENTARY_ONLY_LOCAL_TEACHING_NOT_ESTABLISHED","MINEDUB_DISCIPLINE_INDEX"
"annual-scope-v1-en-primary-4-national-languages-and-cultures","en-primary-4","National Languages and Cultures","YEAR","PARTIAL","1","0","0","1","1","[{""id"":""minedub-en-primary-2"",""url"":""https://www.minedub.cm/download/350/archives/5850/02-program-level-two-2019.pdf"",""version"":""1921b9d044f23849c1532f403021e0a8d23a46123d4b225b8b083b827e3fdd1c""}]","[""annual-gap-v1-en-primary-4-subject-8""]","[""Oral communication"",""Reading and writing"",""Songs and cultural scenes""]","Objectifs communs du niveau structurés ; tableaux détaillés propres à la classe et leçons restant à extraire.","DOCUMENTARY_ONLY_LOCAL_TEACHING_NOT_ESTABLISHED","MINEDUB_DISCIPLINE_INDEX"
"annual-scope-v1-en-primary-4-information-and-communication-technologies","en-primary-4","Information and Communication Technologies","YEAR","PARTIAL","1","0","0","1","1","[{""id"":""minedub-en-primary-2"",""url"":""https://www.minedub.cm/download/350/archives/5850/02-program-level-two-2019.pdf"",""version"":""1921b9d044f23849c1532f403021e0a8d23a46123d4b225b8b083b827e3fdd1c""}]","[""annual-gap-v1-en-primary-4-subject-9""]","[""Equipment"",""Productivity tools"",""Safety"",""Computational thinking""]","Objectifs communs du niveau structurés ; tableaux détaillés propres à la classe et leçons restant à extraire.","DOCUMENTARY_ONLY_LOCAL_TEACHING_NOT_ESTABLISHED","MINEDUB_DISCIPLINE_INDEX"
"annual-scope-v1-en-primary-5-english-language-and-literature","en-primary-5","English Language and Literature","YEAR","PARTIAL","1","0","0","1","1","[{""id"":""minedub-en-primary-3"",""url"":""https://www.minedub.cm/download/350/archives/5849/03-program-level-three-2019.pdf"",""version"":""3d9828312e9e4832cfdf3beb5f79bd0b2fc0bd1a2722c2f0eb5853c6946994bc""}]","[""annual-gap-v1-en-primary-5-subject-0""]","[""Listening and speaking"",""Reading"",""Writing""]","Objectifs communs du niveau structurés ; tableaux détaillés propres à la classe et leçons restant à extraire.","DOCUMENTARY_ONLY_LOCAL_TEACHING_NOT_ESTABLISHED","MINEDUB_DISCIPLINE_INDEX"
"annual-scope-v1-en-primary-5-mathematics","en-primary-5","Mathematics","YEAR","PARTIAL","5","0","0","5","5","[{""id"":""minedub-en-primary-3"",""url"":""https://www.minedub.cm/download/350/archives/5849/03-program-level-three-2019.pdf"",""version"":""3d9828312e9e4832cfdf3beb5f79bd0b2fc0bd1a2722c2f0eb5853c6946994bc""}]","[""annual-math-v1-en-primary-5-1"",""annual-math-v1-en-primary-5-2"",""annual-math-v1-en-primary-5-3"",""annual-math-v1-en-primary-5-4"",""annual-math-v1-en-primary-5-5""]","[""Sets and logic"",""Numbers and operations"",""Measurement and size"",""Geometry and space"",""Graphs and statistics""]","Extraits annuels et objectifs documentés ; totalité des cellules et leçons non structurée. Anomalies exclues explicitement.","DOCUMENTARY_ONLY_LOCAL_TEACHING_NOT_ESTABLISHED","MINEDUB_DISCIPLINE_INDEX"
"annual-scope-v1-en-primary-5-science-and-technology","en-primary-5","Science and Technology","YEAR","PARTIAL","1","0","0","1","1","[{""id"":""minedub-en-primary-3"",""url"":""https://www.minedub.cm/download/350/archives/5849/03-program-level-three-2019.pdf"",""version"":""3d9828312e9e4832cfdf3beb5f79bd0b2fc0bd1a2722c2f0eb5853c6946994bc""}]","[""annual-gap-v1-en-primary-5-subject-2""]","[""Health"",""Environment"",""Technology""]","Objectifs communs du niveau structurés ; tableaux détaillés propres à la classe et leçons restant à extraire.","DOCUMENTARY_ONLY_LOCAL_TEACHING_NOT_ESTABLISHED","MINEDUB_DISCIPLINE_INDEX"
"annual-scope-v1-en-primary-5-francais","en-primary-5","Français","YEAR","PARTIAL","1","0","0","1","1","[{""id"":""minedub-en-primary-3"",""url"":""https://www.minedub.cm/download/350/archives/5849/03-program-level-three-2019.pdf"",""version"":""3d9828312e9e4832cfdf3beb5f79bd0b2fc0bd1a2722c2f0eb5853c6946994bc""}]","[""annual-gap-v1-en-primary-5-subject-3""]","[""Compréhension orale"",""Expression orale"",""Lecture"",""Production écrite""]","Objectifs communs du niveau structurés ; tableaux détaillés propres à la classe et leçons restant à extraire.","DOCUMENTARY_ONLY_LOCAL_TEACHING_NOT_ESTABLISHED","MINEDUB_DISCIPLINE_INDEX"
"annual-scope-v1-en-primary-5-social-studies","en-primary-5","Social Studies","YEAR","PARTIAL","1","0","0","1","1","[{""id"":""minedub-en-primary-3"",""url"":""https://www.minedub.cm/download/350/archives/5849/03-program-level-three-2019.pdf"",""version"":""3d9828312e9e4832cfdf3beb5f79bd0b2fc0bd1a2722c2f0eb5853c6946994bc""}]","[""annual-gap-v1-en-primary-5-subject-4""]","[""Citizenship"",""Human activities"",""Harmonious living""]","Objectifs communs du niveau structurés ; tableaux détaillés propres à la classe et leçons restant à extraire.","DOCUMENTARY_ONLY_LOCAL_TEACHING_NOT_ESTABLISHED","MINEDUB_DISCIPLINE_INDEX"
"annual-scope-v1-en-primary-5-vocational-studies","en-primary-5","Vocational Studies","YEAR","PARTIAL","1","0","0","1","1","[{""id"":""minedub-en-primary-3"",""url"":""https://www.minedub.cm/download/350/archives/5849/03-program-level-three-2019.pdf"",""version"":""3d9828312e9e4832cfdf3beb5f79bd0b2fc0bd1a2722c2f0eb5853c6946994bc""}]","[""annual-gap-v1-en-primary-5-subject-5""]","[""Production"",""Home management"",""Collaboration""]","Objectifs communs du niveau structurés ; tableaux détaillés propres à la classe et leçons restant à extraire.","DOCUMENTARY_ONLY_LOCAL_TEACHING_NOT_ESTABLISHED","MINEDUB_DISCIPLINE_INDEX"
"annual-scope-v1-en-primary-5-arts","en-primary-5","Arts","YEAR","PARTIAL","1","0","0","1","1","[{""id"":""minedub-en-primary-3"",""url"":""https://www.minedub.cm/download/350/archives/5849/03-program-level-three-2019.pdf"",""version"":""3d9828312e9e4832cfdf3beb5f79bd0b2fc0bd1a2722c2f0eb5853c6946994bc""}]","[""annual-gap-v1-en-primary-5-subject-6""]","[""Visual arts"",""Performing arts""]","Objectifs communs du niveau structurés ; tableaux détaillés propres à la classe et leçons restant à extraire.","DOCUMENTARY_ONLY_LOCAL_TEACHING_NOT_ESTABLISHED","MINEDUB_DISCIPLINE_INDEX"
"annual-scope-v1-en-primary-5-physical-education-and-sports","en-primary-5","Physical Education and Sports","YEAR","PARTIAL","1","0","0","1","1","[{""id"":""minedub-en-primary-3"",""url"":""https://www.minedub.cm/download/350/archives/5849/03-program-level-three-2019.pdf"",""version"":""3d9828312e9e4832cfdf3beb5f79bd0b2fc0bd1a2722c2f0eb5853c6946994bc""}]","[""annual-gap-v1-en-primary-5-subject-7""]","[""Body awareness"",""Movement"",""Cooperation""]","Objectifs communs du niveau structurés ; tableaux détaillés propres à la classe et leçons restant à extraire.","DOCUMENTARY_ONLY_LOCAL_TEACHING_NOT_ESTABLISHED","MINEDUB_DISCIPLINE_INDEX"
"annual-scope-v1-en-primary-5-national-languages-and-cultures","en-primary-5","National Languages and Cultures","YEAR","PARTIAL","1","0","0","1","1","[{""id"":""minedub-en-primary-3"",""url"":""https://www.minedub.cm/download/350/archives/5849/03-program-level-three-2019.pdf"",""version"":""3d9828312e9e4832cfdf3beb5f79bd0b2fc0bd1a2722c2f0eb5853c6946994bc""}]","[""annual-gap-v1-en-primary-5-subject-8""]","[""Oral communication"",""Reading and writing"",""Songs and cultural scenes""]","Objectifs communs du niveau structurés ; tableaux détaillés propres à la classe et leçons restant à extraire.","DOCUMENTARY_ONLY_LOCAL_TEACHING_NOT_ESTABLISHED","MINEDUB_DISCIPLINE_INDEX"
"annual-scope-v1-en-primary-5-information-and-communication-technologies","en-primary-5","Information and Communication Technologies","YEAR","PARTIAL","1","0","0","1","1","[{""id"":""minedub-en-primary-3"",""url"":""https://www.minedub.cm/download/350/archives/5849/03-program-level-three-2019.pdf"",""version"":""3d9828312e9e4832cfdf3beb5f79bd0b2fc0bd1a2722c2f0eb5853c6946994bc""}]","[""annual-gap-v1-en-primary-5-subject-9""]","[""Equipment"",""Productivity tools"",""Safety"",""Computational thinking""]","Objectifs communs du niveau structurés ; tableaux détaillés propres à la classe et leçons restant à extraire.","DOCUMENTARY_ONLY_LOCAL_TEACHING_NOT_ESTABLISHED","MINEDUB_DISCIPLINE_INDEX"
"annual-scope-v1-en-primary-6-english-language-and-literature","en-primary-6","English Language and Literature","YEAR","PARTIAL","1","0","0","1","1","[{""id"":""minedub-en-primary-3"",""url"":""https://www.minedub.cm/download/350/archives/5849/03-program-level-three-2019.pdf"",""version"":""3d9828312e9e4832cfdf3beb5f79bd0b2fc0bd1a2722c2f0eb5853c6946994bc""}]","[""annual-gap-v1-en-primary-6-subject-0""]","[""Listening and speaking"",""Reading"",""Writing""]","Objectifs communs du niveau structurés ; tableaux détaillés propres à la classe et leçons restant à extraire.","DOCUMENTARY_ONLY_LOCAL_TEACHING_NOT_ESTABLISHED","MINEDUB_DISCIPLINE_INDEX"
"annual-scope-v1-en-primary-6-mathematics","en-primary-6","Mathematics","YEAR","PARTIAL","5","0","0","5","5","[{""id"":""minedub-en-primary-3"",""url"":""https://www.minedub.cm/download/350/archives/5849/03-program-level-three-2019.pdf"",""version"":""3d9828312e9e4832cfdf3beb5f79bd0b2fc0bd1a2722c2f0eb5853c6946994bc""}]","[""annual-math-v1-en-primary-6-1"",""annual-math-v1-en-primary-6-2"",""annual-math-v1-en-primary-6-3"",""annual-math-v1-en-primary-6-4"",""annual-math-v1-en-primary-6-5""]","[""Sets and logic"",""Numbers and operations"",""Measurement and size"",""Geometry and space"",""Graphs and statistics""]","Extraits annuels et objectifs documentés ; totalité des cellules et leçons non structurée. Anomalies exclues explicitement.","DOCUMENTARY_ONLY_LOCAL_TEACHING_NOT_ESTABLISHED","MINEDUB_DISCIPLINE_INDEX"
"annual-scope-v1-en-primary-6-science-and-technology","en-primary-6","Science and Technology","YEAR","PARTIAL","1","0","0","1","1","[{""id"":""minedub-en-primary-3"",""url"":""https://www.minedub.cm/download/350/archives/5849/03-program-level-three-2019.pdf"",""version"":""3d9828312e9e4832cfdf3beb5f79bd0b2fc0bd1a2722c2f0eb5853c6946994bc""}]","[""annual-gap-v1-en-primary-6-subject-2""]","[""Health"",""Environment"",""Technology""]","Objectifs communs du niveau structurés ; tableaux détaillés propres à la classe et leçons restant à extraire.","DOCUMENTARY_ONLY_LOCAL_TEACHING_NOT_ESTABLISHED","MINEDUB_DISCIPLINE_INDEX"
"annual-scope-v1-en-primary-6-francais","en-primary-6","Français","YEAR","PARTIAL","1","0","0","1","1","[{""id"":""minedub-en-primary-3"",""url"":""https://www.minedub.cm/download/350/archives/5849/03-program-level-three-2019.pdf"",""version"":""3d9828312e9e4832cfdf3beb5f79bd0b2fc0bd1a2722c2f0eb5853c6946994bc""}]","[""annual-gap-v1-en-primary-6-subject-3""]","[""Compréhension orale"",""Expression orale"",""Lecture"",""Production écrite""]","Objectifs communs du niveau structurés ; tableaux détaillés propres à la classe et leçons restant à extraire.","DOCUMENTARY_ONLY_LOCAL_TEACHING_NOT_ESTABLISHED","MINEDUB_DISCIPLINE_INDEX"
"annual-scope-v1-en-primary-6-social-studies","en-primary-6","Social Studies","YEAR","PARTIAL","1","0","0","1","1","[{""id"":""minedub-en-primary-3"",""url"":""https://www.minedub.cm/download/350/archives/5849/03-program-level-three-2019.pdf"",""version"":""3d9828312e9e4832cfdf3beb5f79bd0b2fc0bd1a2722c2f0eb5853c6946994bc""}]","[""annual-gap-v1-en-primary-6-subject-4""]","[""Citizenship"",""Human activities"",""Harmonious living""]","Objectifs communs du niveau structurés ; tableaux détaillés propres à la classe et leçons restant à extraire.","DOCUMENTARY_ONLY_LOCAL_TEACHING_NOT_ESTABLISHED","MINEDUB_DISCIPLINE_INDEX"
"annual-scope-v1-en-primary-6-vocational-studies","en-primary-6","Vocational Studies","YEAR","PARTIAL","1","0","0","1","1","[{""id"":""minedub-en-primary-3"",""url"":""https://www.minedub.cm/download/350/archives/5849/03-program-level-three-2019.pdf"",""version"":""3d9828312e9e4832cfdf3beb5f79bd0b2fc0bd1a2722c2f0eb5853c6946994bc""}]","[""annual-gap-v1-en-primary-6-subject-5""]","[""Production"",""Home management"",""Collaboration""]","Objectifs communs du niveau structurés ; tableaux détaillés propres à la classe et leçons restant à extraire.","DOCUMENTARY_ONLY_LOCAL_TEACHING_NOT_ESTABLISHED","MINEDUB_DISCIPLINE_INDEX"
"annual-scope-v1-en-primary-6-arts","en-primary-6","Arts","YEAR","PARTIAL","1","0","0","1","1","[{""id"":""minedub-en-primary-3"",""url"":""https://www.minedub.cm/download/350/archives/5849/03-program-level-three-2019.pdf"",""version"":""3d9828312e9e4832cfdf3beb5f79bd0b2fc0bd1a2722c2f0eb5853c6946994bc""}]","[""annual-gap-v1-en-primary-6-subject-6""]","[""Visual arts"",""Performing arts""]","Objectifs communs du niveau structurés ; tableaux détaillés propres à la classe et leçons restant à extraire.","DOCUMENTARY_ONLY_LOCAL_TEACHING_NOT_ESTABLISHED","MINEDUB_DISCIPLINE_INDEX"
"annual-scope-v1-en-primary-6-physical-education-and-sports","en-primary-6","Physical Education and Sports","YEAR","PARTIAL","1","0","0","1","1","[{""id"":""minedub-en-primary-3"",""url"":""https://www.minedub.cm/download/350/archives/5849/03-program-level-three-2019.pdf"",""version"":""3d9828312e9e4832cfdf3beb5f79bd0b2fc0bd1a2722c2f0eb5853c6946994bc""}]","[""annual-gap-v1-en-primary-6-subject-7""]","[""Body awareness"",""Movement"",""Cooperation""]","Objectifs communs du niveau structurés ; tableaux détaillés propres à la classe et leçons restant à extraire.","DOCUMENTARY_ONLY_LOCAL_TEACHING_NOT_ESTABLISHED","MINEDUB_DISCIPLINE_INDEX"
"annual-scope-v1-en-primary-6-national-languages-and-cultures","en-primary-6","National Languages and Cultures","YEAR","PARTIAL","1","0","0","1","1","[{""id"":""minedub-en-primary-3"",""url"":""https://www.minedub.cm/download/350/archives/5849/03-program-level-three-2019.pdf"",""version"":""3d9828312e9e4832cfdf3beb5f79bd0b2fc0bd1a2722c2f0eb5853c6946994bc""}]","[""annual-gap-v1-en-primary-6-subject-8""]","[""Oral communication"",""Reading and writing"",""Songs and cultural scenes""]","Objectifs communs du niveau structurés ; tableaux détaillés propres à la classe et leçons restant à extraire.","DOCUMENTARY_ONLY_LOCAL_TEACHING_NOT_ESTABLISHED","MINEDUB_DISCIPLINE_INDEX"
"annual-scope-v1-en-primary-6-information-and-communication-technologies","en-primary-6","Information and Communication Technologies","YEAR","PARTIAL","1","0","0","1","1","[{""id"":""minedub-en-primary-3"",""url"":""https://www.minedub.cm/download/350/archives/5849/03-program-level-three-2019.pdf"",""version"":""3d9828312e9e4832cfdf3beb5f79bd0b2fc0bd1a2722c2f0eb5853c6946994bc""}]","[""annual-gap-v1-en-primary-6-subject-9""]","[""Equipment"",""Productivity tools"",""Safety"",""Computational thinking""]","Objectifs communs du niveau structurés ; tableaux détaillés propres à la classe et leçons restant à extraire.","DOCUMENTARY_ONLY_LOCAL_TEACHING_NOT_ESTABLISHED","MINEDUB_DISCIPLINE_INDEX"
"annual-scope-v1-fr-preschool-pre-langues-et-communication","fr-preschool-pre","Langues et communication","YEAR","PARTIAL","1","0","1","1","1","[{""id"":""minedub-fr-nursery"",""url"":""https://www.minedub.cm/download/350/archives/6165/programme-maternel-2019.pdf"",""version"":""4a7ab7a042860343b31a20ef2d4d70a0f2a5be3ddb865cc70a192cde863e7cab""}]","[""italo-early-v1-fr-preschool-pre-d1"",""annual-plan-v1-fr-preschool-pre-d1""]","[""Découvrir avec aide"",""Reprendre dans un autre contexte familier"",""Réinvestir et faire le bilan""]","Un point de départ par domaine et ses reprises ne couvrent pas encore tous les sous-domaines annuels. Compléter à partir des observations et des besoins ; aucun score de complétude MINEDUB.","LOCAL_VALIDATED_NO_OFFICIAL_LEVEL_EQUIVALENCE","ITALO_LOCAL_PROGRAM"
"annual-scope-v1-fr-preschool-pre-eveil-scientifique-et-technologique","fr-preschool-pre","Éveil scientifique et technologique","YEAR","PARTIAL","1","0","1","1","1","[{""id"":""minedub-fr-nursery"",""url"":""https://www.minedub.cm/download/350/archives/6165/programme-maternel-2019.pdf"",""version"":""4a7ab7a042860343b31a20ef2d4d70a0f2a5be3ddb865cc70a192cde863e7cab""}]","[""italo-early-v1-fr-preschool-pre-d2"",""annual-plan-v1-fr-preschool-pre-d2""]","[""Découvrir avec aide"",""Reprendre dans un autre contexte familier"",""Réinvestir et faire le bilan""]","Un point de départ par domaine et ses reprises ne couvrent pas encore tous les sous-domaines annuels. Compléter à partir des observations et des besoins ; aucun score de complétude MINEDUB.","LOCAL_VALIDATED_NO_OFFICIAL_LEVEL_EQUIVALENCE","ITALO_LOCAL_PROGRAM"
"annual-scope-v1-fr-preschool-pre-vie-courante","fr-preschool-pre","Vie courante","YEAR","PARTIAL","1","0","1","1","1","[{""id"":""minedub-fr-nursery"",""url"":""https://www.minedub.cm/download/350/archives/6165/programme-maternel-2019.pdf"",""version"":""4a7ab7a042860343b31a20ef2d4d70a0f2a5be3ddb865cc70a192cde863e7cab""}]","[""italo-early-v1-fr-preschool-pre-d3"",""annual-plan-v1-fr-preschool-pre-d3""]","[""Découvrir avec aide"",""Reprendre dans un autre contexte familier"",""Réinvestir et faire le bilan""]","Un point de départ par domaine et ses reprises ne couvrent pas encore tous les sous-domaines annuels. Compléter à partir des observations et des besoins ; aucun score de complétude MINEDUB.","LOCAL_VALIDATED_NO_OFFICIAL_LEVEL_EQUIVALENCE","ITALO_LOCAL_PROGRAM"
"annual-scope-v1-fr-preschool-pre-creation-artistique-et-activites-manuelles","fr-preschool-pre","Création artistique et activités manuelles","YEAR","PARTIAL","1","0","1","1","1","[{""id"":""minedub-fr-nursery"",""url"":""https://www.minedub.cm/download/350/archives/6165/programme-maternel-2019.pdf"",""version"":""4a7ab7a042860343b31a20ef2d4d70a0f2a5be3ddb865cc70a192cde863e7cab""}]","[""italo-early-v1-fr-preschool-pre-d4"",""annual-plan-v1-fr-preschool-pre-d4""]","[""Découvrir avec aide"",""Reprendre dans un autre contexte familier"",""Réinvestir et faire le bilan""]","Un point de départ par domaine et ses reprises ne couvrent pas encore tous les sous-domaines annuels. Compléter à partir des observations et des besoins ; aucun score de complétude MINEDUB.","LOCAL_VALIDATED_NO_OFFICIAL_LEVEL_EQUIVALENCE","ITALO_LOCAL_PROGRAM"
"annual-scope-v1-fr-preschool-pre-motricite-generale","fr-preschool-pre","Motricité générale","YEAR","PARTIAL","1","0","1","1","1","[{""id"":""minedub-fr-nursery"",""url"":""https://www.minedub.cm/download/350/archives/6165/programme-maternel-2019.pdf"",""version"":""4a7ab7a042860343b31a20ef2d4d70a0f2a5be3ddb865cc70a192cde863e7cab""}]","[""italo-early-v1-fr-preschool-pre-d5"",""annual-plan-v1-fr-preschool-pre-d5""]","[""Découvrir avec aide"",""Reprendre dans un autre contexte familier"",""Réinvestir et faire le bilan""]","Un point de départ par domaine et ses reprises ne couvrent pas encore tous les sous-domaines annuels. Compléter à partir des observations et des besoins ; aucun score de complétude MINEDUB.","LOCAL_VALIDATED_NO_OFFICIAL_LEVEL_EQUIVALENCE","ITALO_LOCAL_PROGRAM"
"annual-scope-v1-fr-preschool-ps-langues-et-communication","fr-preschool-ps","Langues et communication","YEAR","PARTIAL","1","0","1","1","1","[{""id"":""minedub-fr-nursery"",""url"":""https://www.minedub.cm/download/350/archives/6165/programme-maternel-2019.pdf"",""version"":""4a7ab7a042860343b31a20ef2d4d70a0f2a5be3ddb865cc70a192cde863e7cab""}]","[""italo-early-v1-fr-preschool-ps-d1"",""annual-plan-v1-fr-preschool-ps-d1""]","[""Découvrir avec aide"",""Reprendre dans un autre contexte familier"",""Réinvestir et faire le bilan""]","Un point de départ par domaine et ses reprises ne couvrent pas encore tous les sous-domaines annuels. Compléter à partir des observations et des besoins ; aucun score de complétude MINEDUB.","LOCAL_VALIDATED_NO_OFFICIAL_LEVEL_EQUIVALENCE","ITALO_LOCAL_PROGRAM"
"annual-scope-v1-fr-preschool-ps-eveil-scientifique-et-technologique","fr-preschool-ps","Éveil scientifique et technologique","YEAR","PARTIAL","1","0","1","1","1","[{""id"":""minedub-fr-nursery"",""url"":""https://www.minedub.cm/download/350/archives/6165/programme-maternel-2019.pdf"",""version"":""4a7ab7a042860343b31a20ef2d4d70a0f2a5be3ddb865cc70a192cde863e7cab""}]","[""italo-early-v1-fr-preschool-ps-d2"",""annual-plan-v1-fr-preschool-ps-d2""]","[""Découvrir avec aide"",""Reprendre dans un autre contexte familier"",""Réinvestir et faire le bilan""]","Un point de départ par domaine et ses reprises ne couvrent pas encore tous les sous-domaines annuels. Compléter à partir des observations et des besoins ; aucun score de complétude MINEDUB.","LOCAL_VALIDATED_NO_OFFICIAL_LEVEL_EQUIVALENCE","ITALO_LOCAL_PROGRAM"
"annual-scope-v1-fr-preschool-ps-vie-courante","fr-preschool-ps","Vie courante","YEAR","PARTIAL","1","0","1","1","1","[{""id"":""minedub-fr-nursery"",""url"":""https://www.minedub.cm/download/350/archives/6165/programme-maternel-2019.pdf"",""version"":""4a7ab7a042860343b31a20ef2d4d70a0f2a5be3ddb865cc70a192cde863e7cab""}]","[""italo-early-v1-fr-preschool-ps-d3"",""annual-plan-v1-fr-preschool-ps-d3""]","[""Découvrir avec aide"",""Reprendre dans un autre contexte familier"",""Réinvestir et faire le bilan""]","Un point de départ par domaine et ses reprises ne couvrent pas encore tous les sous-domaines annuels. Compléter à partir des observations et des besoins ; aucun score de complétude MINEDUB.","LOCAL_VALIDATED_NO_OFFICIAL_LEVEL_EQUIVALENCE","ITALO_LOCAL_PROGRAM"
"annual-scope-v1-fr-preschool-ps-creation-artistique-et-activites-manuelles","fr-preschool-ps","Création artistique et activités manuelles","YEAR","PARTIAL","1","0","1","1","1","[{""id"":""minedub-fr-nursery"",""url"":""https://www.minedub.cm/download/350/archives/6165/programme-maternel-2019.pdf"",""version"":""4a7ab7a042860343b31a20ef2d4d70a0f2a5be3ddb865cc70a192cde863e7cab""}]","[""italo-early-v1-fr-preschool-ps-d4"",""annual-plan-v1-fr-preschool-ps-d4""]","[""Découvrir avec aide"",""Reprendre dans un autre contexte familier"",""Réinvestir et faire le bilan""]","Un point de départ par domaine et ses reprises ne couvrent pas encore tous les sous-domaines annuels. Compléter à partir des observations et des besoins ; aucun score de complétude MINEDUB.","LOCAL_VALIDATED_NO_OFFICIAL_LEVEL_EQUIVALENCE","ITALO_LOCAL_PROGRAM"
"annual-scope-v1-fr-preschool-ps-motricite-generale","fr-preschool-ps","Motricité générale","YEAR","PARTIAL","1","0","1","1","1","[{""id"":""minedub-fr-nursery"",""url"":""https://www.minedub.cm/download/350/archives/6165/programme-maternel-2019.pdf"",""version"":""4a7ab7a042860343b31a20ef2d4d70a0f2a5be3ddb865cc70a192cde863e7cab""}]","[""italo-early-v1-fr-preschool-ps-d5"",""annual-plan-v1-fr-preschool-ps-d5""]","[""Découvrir avec aide"",""Reprendre dans un autre contexte familier"",""Réinvestir et faire le bilan""]","Un point de départ par domaine et ses reprises ne couvrent pas encore tous les sous-domaines annuels. Compléter à partir des observations et des besoins ; aucun score de complétude MINEDUB.","LOCAL_VALIDATED_NO_OFFICIAL_LEVEL_EQUIVALENCE","ITALO_LOCAL_PROGRAM"
"annual-scope-v1-fr-preschool-ms-langues-et-communication","fr-preschool-ms","Langues et communication","YEAR","PARTIAL","1","0","1","1","1","[{""id"":""minedub-fr-nursery"",""url"":""https://www.minedub.cm/download/350/archives/6165/programme-maternel-2019.pdf"",""version"":""4a7ab7a042860343b31a20ef2d4d70a0f2a5be3ddb865cc70a192cde863e7cab""}]","[""italo-early-v1-fr-preschool-ms-d1"",""annual-plan-v1-fr-preschool-ms-d1""]","[""Découvrir avec aide"",""Reprendre dans un autre contexte familier"",""Réinvestir et faire le bilan""]","Un point de départ par domaine et ses reprises ne couvrent pas encore tous les sous-domaines annuels. Compléter à partir des observations et des besoins ; aucun score de complétude MINEDUB.","LOCAL_VALIDATED_NO_OFFICIAL_LEVEL_EQUIVALENCE","ITALO_LOCAL_PROGRAM"
"annual-scope-v1-fr-preschool-ms-eveil-scientifique-et-technologique","fr-preschool-ms","Éveil scientifique et technologique","YEAR","PARTIAL","1","0","1","1","1","[{""id"":""minedub-fr-nursery"",""url"":""https://www.minedub.cm/download/350/archives/6165/programme-maternel-2019.pdf"",""version"":""4a7ab7a042860343b31a20ef2d4d70a0f2a5be3ddb865cc70a192cde863e7cab""}]","[""italo-early-v1-fr-preschool-ms-d2"",""annual-plan-v1-fr-preschool-ms-d2""]","[""Découvrir avec aide"",""Reprendre dans un autre contexte familier"",""Réinvestir et faire le bilan""]","Un point de départ par domaine et ses reprises ne couvrent pas encore tous les sous-domaines annuels. Compléter à partir des observations et des besoins ; aucun score de complétude MINEDUB.","LOCAL_VALIDATED_NO_OFFICIAL_LEVEL_EQUIVALENCE","ITALO_LOCAL_PROGRAM"
"annual-scope-v1-fr-preschool-ms-vie-courante","fr-preschool-ms","Vie courante","YEAR","PARTIAL","1","0","1","1","1","[{""id"":""minedub-fr-nursery"",""url"":""https://www.minedub.cm/download/350/archives/6165/programme-maternel-2019.pdf"",""version"":""4a7ab7a042860343b31a20ef2d4d70a0f2a5be3ddb865cc70a192cde863e7cab""}]","[""italo-early-v1-fr-preschool-ms-d3"",""annual-plan-v1-fr-preschool-ms-d3""]","[""Découvrir avec aide"",""Reprendre dans un autre contexte familier"",""Réinvestir et faire le bilan""]","Un point de départ par domaine et ses reprises ne couvrent pas encore tous les sous-domaines annuels. Compléter à partir des observations et des besoins ; aucun score de complétude MINEDUB.","LOCAL_VALIDATED_NO_OFFICIAL_LEVEL_EQUIVALENCE","ITALO_LOCAL_PROGRAM"
"annual-scope-v1-fr-preschool-ms-creation-artistique-et-activites-manuelles","fr-preschool-ms","Création artistique et activités manuelles","YEAR","PARTIAL","1","0","1","1","1","[{""id"":""minedub-fr-nursery"",""url"":""https://www.minedub.cm/download/350/archives/6165/programme-maternel-2019.pdf"",""version"":""4a7ab7a042860343b31a20ef2d4d70a0f2a5be3ddb865cc70a192cde863e7cab""}]","[""italo-early-v1-fr-preschool-ms-d4"",""annual-plan-v1-fr-preschool-ms-d4""]","[""Découvrir avec aide"",""Reprendre dans un autre contexte familier"",""Réinvestir et faire le bilan""]","Un point de départ par domaine et ses reprises ne couvrent pas encore tous les sous-domaines annuels. Compléter à partir des observations et des besoins ; aucun score de complétude MINEDUB.","LOCAL_VALIDATED_NO_OFFICIAL_LEVEL_EQUIVALENCE","ITALO_LOCAL_PROGRAM"
"annual-scope-v1-fr-preschool-ms-motricite-generale","fr-preschool-ms","Motricité générale","YEAR","PARTIAL","1","0","1","1","1","[{""id"":""minedub-fr-nursery"",""url"":""https://www.minedub.cm/download/350/archives/6165/programme-maternel-2019.pdf"",""version"":""4a7ab7a042860343b31a20ef2d4d70a0f2a5be3ddb865cc70a192cde863e7cab""}]","[""italo-early-v1-fr-preschool-ms-d5"",""annual-plan-v1-fr-preschool-ms-d5""]","[""Découvrir avec aide"",""Reprendre dans un autre contexte familier"",""Réinvestir et faire le bilan""]","Un point de départ par domaine et ses reprises ne couvrent pas encore tous les sous-domaines annuels. Compléter à partir des observations et des besoins ; aucun score de complétude MINEDUB.","LOCAL_VALIDATED_NO_OFFICIAL_LEVEL_EQUIVALENCE","ITALO_LOCAL_PROGRAM"
"annual-scope-v1-fr-preschool-gs-langues-et-communication","fr-preschool-gs","Langues et communication","YEAR","PARTIAL","1","0","1","1","1","[{""id"":""minedub-fr-nursery"",""url"":""https://www.minedub.cm/download/350/archives/6165/programme-maternel-2019.pdf"",""version"":""4a7ab7a042860343b31a20ef2d4d70a0f2a5be3ddb865cc70a192cde863e7cab""}]","[""italo-early-v1-fr-preschool-gs-d1"",""annual-plan-v1-fr-preschool-gs-d1""]","[""Découvrir avec aide"",""Reprendre dans un autre contexte familier"",""Réinvestir et faire le bilan""]","Un point de départ par domaine et ses reprises ne couvrent pas encore tous les sous-domaines annuels. Compléter à partir des observations et des besoins ; aucun score de complétude MINEDUB.","LOCAL_VALIDATED_NO_OFFICIAL_LEVEL_EQUIVALENCE","ITALO_LOCAL_PROGRAM"
"annual-scope-v1-fr-preschool-gs-eveil-scientifique-et-technologique","fr-preschool-gs","Éveil scientifique et technologique","YEAR","PARTIAL","1","0","1","1","1","[{""id"":""minedub-fr-nursery"",""url"":""https://www.minedub.cm/download/350/archives/6165/programme-maternel-2019.pdf"",""version"":""4a7ab7a042860343b31a20ef2d4d70a0f2a5be3ddb865cc70a192cde863e7cab""}]","[""italo-early-v1-fr-preschool-gs-d2"",""annual-plan-v1-fr-preschool-gs-d2""]","[""Découvrir avec aide"",""Reprendre dans un autre contexte familier"",""Réinvestir et faire le bilan""]","Un point de départ par domaine et ses reprises ne couvrent pas encore tous les sous-domaines annuels. Compléter à partir des observations et des besoins ; aucun score de complétude MINEDUB.","LOCAL_VALIDATED_NO_OFFICIAL_LEVEL_EQUIVALENCE","ITALO_LOCAL_PROGRAM"
"annual-scope-v1-fr-preschool-gs-vie-courante","fr-preschool-gs","Vie courante","YEAR","PARTIAL","1","0","1","1","1","[{""id"":""minedub-fr-nursery"",""url"":""https://www.minedub.cm/download/350/archives/6165/programme-maternel-2019.pdf"",""version"":""4a7ab7a042860343b31a20ef2d4d70a0f2a5be3ddb865cc70a192cde863e7cab""}]","[""italo-early-v1-fr-preschool-gs-d3"",""annual-plan-v1-fr-preschool-gs-d3""]","[""Découvrir avec aide"",""Reprendre dans un autre contexte familier"",""Réinvestir et faire le bilan""]","Un point de départ par domaine et ses reprises ne couvrent pas encore tous les sous-domaines annuels. Compléter à partir des observations et des besoins ; aucun score de complétude MINEDUB.","LOCAL_VALIDATED_NO_OFFICIAL_LEVEL_EQUIVALENCE","ITALO_LOCAL_PROGRAM"
"annual-scope-v1-fr-preschool-gs-creation-artistique-et-activites-manuelles","fr-preschool-gs","Création artistique et activités manuelles","YEAR","PARTIAL","1","0","1","1","1","[{""id"":""minedub-fr-nursery"",""url"":""https://www.minedub.cm/download/350/archives/6165/programme-maternel-2019.pdf"",""version"":""4a7ab7a042860343b31a20ef2d4d70a0f2a5be3ddb865cc70a192cde863e7cab""}]","[""italo-early-v1-fr-preschool-gs-d4"",""annual-plan-v1-fr-preschool-gs-d4""]","[""Découvrir avec aide"",""Reprendre dans un autre contexte familier"",""Réinvestir et faire le bilan""]","Un point de départ par domaine et ses reprises ne couvrent pas encore tous les sous-domaines annuels. Compléter à partir des observations et des besoins ; aucun score de complétude MINEDUB.","LOCAL_VALIDATED_NO_OFFICIAL_LEVEL_EQUIVALENCE","ITALO_LOCAL_PROGRAM"
"annual-scope-v1-fr-preschool-gs-motricite-generale","fr-preschool-gs","Motricité générale","YEAR","PARTIAL","1","0","1","1","1","[{""id"":""minedub-fr-nursery"",""url"":""https://www.minedub.cm/download/350/archives/6165/programme-maternel-2019.pdf"",""version"":""4a7ab7a042860343b31a20ef2d4d70a0f2a5be3ddb865cc70a192cde863e7cab""}]","[""italo-early-v1-fr-preschool-gs-d5"",""annual-plan-v1-fr-preschool-gs-d5""]","[""Découvrir avec aide"",""Reprendre dans un autre contexte familier"",""Réinvestir et faire le bilan""]","Un point de départ par domaine et ses reprises ne couvrent pas encore tous les sous-domaines annuels. Compléter à partir des observations et des besoins ; aucun score de complétude MINEDUB.","LOCAL_VALIDATED_NO_OFFICIAL_LEVEL_EQUIVALENCE","ITALO_LOCAL_PROGRAM"
"annual-scope-v1-en-nursery-pre-literacy-and-communication","en-nursery-pre","Literacy and Communication","YEAR","PARTIAL","1","0","1","1","1","[{""id"":""minedub-en-nursery"",""url"":""https://www.minedub.cm/download/350/archives/6161/program-nursery-2019.pdf"",""version"":""e7c44dd2f7db60e95205aace826a3eb662fccf2ef91926bcd7e96056a8b51756""}]","[""italo-early-v1-en-nursery-pre-d1"",""annual-plan-v1-en-nursery-pre-d1""]","[""Explore with support"",""Revisit in another familiar setting"",""Transfer and review""]","Un point de départ par domaine et ses reprises ne couvrent pas encore tous les sous-domaines annuels. Compléter à partir des observations et des besoins ; aucun score de complétude MINEDUB.","LOCAL_VALIDATED_NO_OFFICIAL_LEVEL_EQUIVALENCE","ITALO_LOCAL_PROGRAM"
"annual-scope-v1-en-nursery-pre-science-and-technological-skills-development","en-nursery-pre","Science and Technological Skills Development","YEAR","PARTIAL","1","0","1","1","1","[{""id"":""minedub-en-nursery"",""url"":""https://www.minedub.cm/download/350/archives/6161/program-nursery-2019.pdf"",""version"":""e7c44dd2f7db60e95205aace826a3eb662fccf2ef91926bcd7e96056a8b51756""}]","[""italo-early-v1-en-nursery-pre-d2"",""annual-plan-v1-en-nursery-pre-d2""]","[""Explore with support"",""Revisit in another familiar setting"",""Transfer and review""]","Un point de départ par domaine et ses reprises ne couvrent pas encore tous les sous-domaines annuels. Compléter à partir des observations et des besoins ; aucun score de complétude MINEDUB.","LOCAL_VALIDATED_NO_OFFICIAL_LEVEL_EQUIVALENCE","ITALO_LOCAL_PROGRAM"
"annual-scope-v1-en-nursery-pre-practical-life-skills","en-nursery-pre","Practical Life Skills","YEAR","PARTIAL","1","0","1","1","1","[{""id"":""minedub-en-nursery"",""url"":""https://www.minedub.cm/download/350/archives/6161/program-nursery-2019.pdf"",""version"":""e7c44dd2f7db60e95205aace826a3eb662fccf2ef91926bcd7e96056a8b51756""}]","[""italo-early-v1-en-nursery-pre-d3"",""annual-plan-v1-en-nursery-pre-d3""]","[""Explore with support"",""Revisit in another familiar setting"",""Transfer and review""]","Un point de départ par domaine et ses reprises ne couvrent pas encore tous les sous-domaines annuels. Compléter à partir des observations et des besoins ; aucun score de complétude MINEDUB.","LOCAL_VALIDATED_NO_OFFICIAL_LEVEL_EQUIVALENCE","ITALO_LOCAL_PROGRAM"
"annual-scope-v1-en-nursery-pre-arts-and-crafts","en-nursery-pre","Arts and Crafts","YEAR","PARTIAL","1","0","1","1","1","[{""id"":""minedub-en-nursery"",""url"":""https://www.minedub.cm/download/350/archives/6161/program-nursery-2019.pdf"",""version"":""e7c44dd2f7db60e95205aace826a3eb662fccf2ef91926bcd7e96056a8b51756""}]","[""italo-early-v1-en-nursery-pre-d4"",""annual-plan-v1-en-nursery-pre-d4""]","[""Explore with support"",""Revisit in another familiar setting"",""Transfer and review""]","Un point de départ par domaine et ses reprises ne couvrent pas encore tous les sous-domaines annuels. Compléter à partir des observations et des besoins ; aucun score de complétude MINEDUB.","LOCAL_VALIDATED_NO_OFFICIAL_LEVEL_EQUIVALENCE","ITALO_LOCAL_PROGRAM"
"annual-scope-v1-en-nursery-pre-motor-skills","en-nursery-pre","Motor Skills","YEAR","PARTIAL","1","0","1","1","1","[{""id"":""minedub-en-nursery"",""url"":""https://www.minedub.cm/download/350/archives/6161/program-nursery-2019.pdf"",""version"":""e7c44dd2f7db60e95205aace826a3eb662fccf2ef91926bcd7e96056a8b51756""}]","[""italo-early-v1-en-nursery-pre-d5"",""annual-plan-v1-en-nursery-pre-d5""]","[""Explore with support"",""Revisit in another familiar setting"",""Transfer and review""]","Un point de départ par domaine et ses reprises ne couvrent pas encore tous les sous-domaines annuels. Compléter à partir des observations et des besoins ; aucun score de complétude MINEDUB.","LOCAL_VALIDATED_NO_OFFICIAL_LEVEL_EQUIVALENCE","ITALO_LOCAL_PROGRAM"
"annual-scope-v1-en-nursery-1-literacy-and-communication","en-nursery-1","Literacy and Communication","YEAR","PARTIAL","1","0","1","1","1","[{""id"":""minedub-en-nursery"",""url"":""https://www.minedub.cm/download/350/archives/6161/program-nursery-2019.pdf"",""version"":""e7c44dd2f7db60e95205aace826a3eb662fccf2ef91926bcd7e96056a8b51756""}]","[""italo-early-v1-en-nursery-1-d1"",""annual-plan-v1-en-nursery-1-d1""]","[""Explore with support"",""Revisit in another familiar setting"",""Transfer and review""]","Un point de départ par domaine et ses reprises ne couvrent pas encore tous les sous-domaines annuels. Compléter à partir des observations et des besoins ; aucun score de complétude MINEDUB.","LOCAL_VALIDATED_NO_OFFICIAL_LEVEL_EQUIVALENCE","ITALO_LOCAL_PROGRAM"
"annual-scope-v1-en-nursery-1-science-and-technological-skills-development","en-nursery-1","Science and Technological Skills Development","YEAR","PARTIAL","1","0","1","1","1","[{""id"":""minedub-en-nursery"",""url"":""https://www.minedub.cm/download/350/archives/6161/program-nursery-2019.pdf"",""version"":""e7c44dd2f7db60e95205aace826a3eb662fccf2ef91926bcd7e96056a8b51756""}]","[""italo-early-v1-en-nursery-1-d2"",""annual-plan-v1-en-nursery-1-d2""]","[""Explore with support"",""Revisit in another familiar setting"",""Transfer and review""]","Un point de départ par domaine et ses reprises ne couvrent pas encore tous les sous-domaines annuels. Compléter à partir des observations et des besoins ; aucun score de complétude MINEDUB.","LOCAL_VALIDATED_NO_OFFICIAL_LEVEL_EQUIVALENCE","ITALO_LOCAL_PROGRAM"
"annual-scope-v1-en-nursery-1-practical-life-skills","en-nursery-1","Practical Life Skills","YEAR","PARTIAL","1","0","1","1","1","[{""id"":""minedub-en-nursery"",""url"":""https://www.minedub.cm/download/350/archives/6161/program-nursery-2019.pdf"",""version"":""e7c44dd2f7db60e95205aace826a3eb662fccf2ef91926bcd7e96056a8b51756""}]","[""italo-early-v1-en-nursery-1-d3"",""annual-plan-v1-en-nursery-1-d3""]","[""Explore with support"",""Revisit in another familiar setting"",""Transfer and review""]","Un point de départ par domaine et ses reprises ne couvrent pas encore tous les sous-domaines annuels. Compléter à partir des observations et des besoins ; aucun score de complétude MINEDUB.","LOCAL_VALIDATED_NO_OFFICIAL_LEVEL_EQUIVALENCE","ITALO_LOCAL_PROGRAM"
"annual-scope-v1-en-nursery-1-arts-and-crafts","en-nursery-1","Arts and Crafts","YEAR","PARTIAL","1","0","1","1","1","[{""id"":""minedub-en-nursery"",""url"":""https://www.minedub.cm/download/350/archives/6161/program-nursery-2019.pdf"",""version"":""e7c44dd2f7db60e95205aace826a3eb662fccf2ef91926bcd7e96056a8b51756""}]","[""italo-early-v1-en-nursery-1-d4"",""annual-plan-v1-en-nursery-1-d4""]","[""Explore with support"",""Revisit in another familiar setting"",""Transfer and review""]","Un point de départ par domaine et ses reprises ne couvrent pas encore tous les sous-domaines annuels. Compléter à partir des observations et des besoins ; aucun score de complétude MINEDUB.","LOCAL_VALIDATED_NO_OFFICIAL_LEVEL_EQUIVALENCE","ITALO_LOCAL_PROGRAM"
"annual-scope-v1-en-nursery-1-motor-skills","en-nursery-1","Motor Skills","YEAR","PARTIAL","1","0","1","1","1","[{""id"":""minedub-en-nursery"",""url"":""https://www.minedub.cm/download/350/archives/6161/program-nursery-2019.pdf"",""version"":""e7c44dd2f7db60e95205aace826a3eb662fccf2ef91926bcd7e96056a8b51756""}]","[""italo-early-v1-en-nursery-1-d5"",""annual-plan-v1-en-nursery-1-d5""]","[""Explore with support"",""Revisit in another familiar setting"",""Transfer and review""]","Un point de départ par domaine et ses reprises ne couvrent pas encore tous les sous-domaines annuels. Compléter à partir des observations et des besoins ; aucun score de complétude MINEDUB.","LOCAL_VALIDATED_NO_OFFICIAL_LEVEL_EQUIVALENCE","ITALO_LOCAL_PROGRAM"
"annual-scope-v1-en-nursery-2-literacy-and-communication","en-nursery-2","Literacy and Communication","YEAR","PARTIAL","1","0","1","1","1","[{""id"":""minedub-en-nursery"",""url"":""https://www.minedub.cm/download/350/archives/6161/program-nursery-2019.pdf"",""version"":""e7c44dd2f7db60e95205aace826a3eb662fccf2ef91926bcd7e96056a8b51756""}]","[""italo-early-v1-en-nursery-2-d1"",""annual-plan-v1-en-nursery-2-d1""]","[""Explore with support"",""Revisit in another familiar setting"",""Transfer and review""]","Un point de départ par domaine et ses reprises ne couvrent pas encore tous les sous-domaines annuels. Compléter à partir des observations et des besoins ; aucun score de complétude MINEDUB.","LOCAL_VALIDATED_NO_OFFICIAL_LEVEL_EQUIVALENCE","ITALO_LOCAL_PROGRAM"
"annual-scope-v1-en-nursery-2-science-and-technological-skills-development","en-nursery-2","Science and Technological Skills Development","YEAR","PARTIAL","1","0","1","1","1","[{""id"":""minedub-en-nursery"",""url"":""https://www.minedub.cm/download/350/archives/6161/program-nursery-2019.pdf"",""version"":""e7c44dd2f7db60e95205aace826a3eb662fccf2ef91926bcd7e96056a8b51756""}]","[""italo-early-v1-en-nursery-2-d2"",""annual-plan-v1-en-nursery-2-d2""]","[""Explore with support"",""Revisit in another familiar setting"",""Transfer and review""]","Un point de départ par domaine et ses reprises ne couvrent pas encore tous les sous-domaines annuels. Compléter à partir des observations et des besoins ; aucun score de complétude MINEDUB.","LOCAL_VALIDATED_NO_OFFICIAL_LEVEL_EQUIVALENCE","ITALO_LOCAL_PROGRAM"
"annual-scope-v1-en-nursery-2-practical-life-skills","en-nursery-2","Practical Life Skills","YEAR","PARTIAL","1","0","1","1","1","[{""id"":""minedub-en-nursery"",""url"":""https://www.minedub.cm/download/350/archives/6161/program-nursery-2019.pdf"",""version"":""e7c44dd2f7db60e95205aace826a3eb662fccf2ef91926bcd7e96056a8b51756""}]","[""italo-early-v1-en-nursery-2-d3"",""annual-plan-v1-en-nursery-2-d3""]","[""Explore with support"",""Revisit in another familiar setting"",""Transfer and review""]","Un point de départ par domaine et ses reprises ne couvrent pas encore tous les sous-domaines annuels. Compléter à partir des observations et des besoins ; aucun score de complétude MINEDUB.","LOCAL_VALIDATED_NO_OFFICIAL_LEVEL_EQUIVALENCE","ITALO_LOCAL_PROGRAM"
"annual-scope-v1-en-nursery-2-arts-and-crafts","en-nursery-2","Arts and Crafts","YEAR","PARTIAL","1","0","1","1","1","[{""id"":""minedub-en-nursery"",""url"":""https://www.minedub.cm/download/350/archives/6161/program-nursery-2019.pdf"",""version"":""e7c44dd2f7db60e95205aace826a3eb662fccf2ef91926bcd7e96056a8b51756""}]","[""italo-early-v1-en-nursery-2-d4"",""annual-plan-v1-en-nursery-2-d4""]","[""Explore with support"",""Revisit in another familiar setting"",""Transfer and review""]","Un point de départ par domaine et ses reprises ne couvrent pas encore tous les sous-domaines annuels. Compléter à partir des observations et des besoins ; aucun score de complétude MINEDUB.","LOCAL_VALIDATED_NO_OFFICIAL_LEVEL_EQUIVALENCE","ITALO_LOCAL_PROGRAM"
"annual-scope-v1-en-nursery-2-motor-skills","en-nursery-2","Motor Skills","YEAR","PARTIAL","1","0","1","1","1","[{""id"":""minedub-en-nursery"",""url"":""https://www.minedub.cm/download/350/archives/6161/program-nursery-2019.pdf"",""version"":""e7c44dd2f7db60e95205aace826a3eb662fccf2ef91926bcd7e96056a8b51756""}]","[""italo-early-v1-en-nursery-2-d5"",""annual-plan-v1-en-nursery-2-d5""]","[""Explore with support"",""Revisit in another familiar setting"",""Transfer and review""]","Un point de départ par domaine et ses reprises ne couvrent pas encore tous les sous-domaines annuels. Compléter à partir des observations et des besoins ; aucun score de complétude MINEDUB.","LOCAL_VALIDATED_NO_OFFICIAL_LEVEL_EQUIVALENCE","ITALO_LOCAL_PROGRAM"
"annual-scope-v1-en-nursery-3-literacy-and-communication","en-nursery-3","Literacy and Communication","YEAR","PARTIAL","1","0","1","1","1","[{""id"":""minedub-en-nursery"",""url"":""https://www.minedub.cm/download/350/archives/6161/program-nursery-2019.pdf"",""version"":""e7c44dd2f7db60e95205aace826a3eb662fccf2ef91926bcd7e96056a8b51756""}]","[""italo-early-v1-en-nursery-3-d1"",""annual-plan-v1-en-nursery-3-d1""]","[""Explore with support"",""Revisit in another familiar setting"",""Transfer and review""]","Un point de départ par domaine et ses reprises ne couvrent pas encore tous les sous-domaines annuels. Compléter à partir des observations et des besoins ; aucun score de complétude MINEDUB.","LOCAL_VALIDATED_NO_OFFICIAL_LEVEL_EQUIVALENCE","ITALO_LOCAL_PROGRAM"
"annual-scope-v1-en-nursery-3-science-and-technological-skills-development","en-nursery-3","Science and Technological Skills Development","YEAR","PARTIAL","1","0","1","1","1","[{""id"":""minedub-en-nursery"",""url"":""https://www.minedub.cm/download/350/archives/6161/program-nursery-2019.pdf"",""version"":""e7c44dd2f7db60e95205aace826a3eb662fccf2ef91926bcd7e96056a8b51756""}]","[""italo-early-v1-en-nursery-3-d2"",""annual-plan-v1-en-nursery-3-d2""]","[""Explore with support"",""Revisit in another familiar setting"",""Transfer and review""]","Un point de départ par domaine et ses reprises ne couvrent pas encore tous les sous-domaines annuels. Compléter à partir des observations et des besoins ; aucun score de complétude MINEDUB.","LOCAL_VALIDATED_NO_OFFICIAL_LEVEL_EQUIVALENCE","ITALO_LOCAL_PROGRAM"
"annual-scope-v1-en-nursery-3-practical-life-skills","en-nursery-3","Practical Life Skills","YEAR","PARTIAL","1","0","1","1","1","[{""id"":""minedub-en-nursery"",""url"":""https://www.minedub.cm/download/350/archives/6161/program-nursery-2019.pdf"",""version"":""e7c44dd2f7db60e95205aace826a3eb662fccf2ef91926bcd7e96056a8b51756""}]","[""italo-early-v1-en-nursery-3-d3"",""annual-plan-v1-en-nursery-3-d3""]","[""Explore with support"",""Revisit in another familiar setting"",""Transfer and review""]","Un point de départ par domaine et ses reprises ne couvrent pas encore tous les sous-domaines annuels. Compléter à partir des observations et des besoins ; aucun score de complétude MINEDUB.","LOCAL_VALIDATED_NO_OFFICIAL_LEVEL_EQUIVALENCE","ITALO_LOCAL_PROGRAM"
"annual-scope-v1-en-nursery-3-arts-and-crafts","en-nursery-3","Arts and Crafts","YEAR","PARTIAL","1","0","1","1","1","[{""id"":""minedub-en-nursery"",""url"":""https://www.minedub.cm/download/350/archives/6161/program-nursery-2019.pdf"",""version"":""e7c44dd2f7db60e95205aace826a3eb662fccf2ef91926bcd7e96056a8b51756""}]","[""italo-early-v1-en-nursery-3-d4"",""annual-plan-v1-en-nursery-3-d4""]","[""Explore with support"",""Revisit in another familiar setting"",""Transfer and review""]","Un point de départ par domaine et ses reprises ne couvrent pas encore tous les sous-domaines annuels. Compléter à partir des observations et des besoins ; aucun score de complétude MINEDUB.","LOCAL_VALIDATED_NO_OFFICIAL_LEVEL_EQUIVALENCE","ITALO_LOCAL_PROGRAM"
"annual-scope-v1-en-nursery-3-motor-skills","en-nursery-3","Motor Skills","YEAR","PARTIAL","1","0","1","1","1","[{""id"":""minedub-en-nursery"",""url"":""https://www.minedub.cm/download/350/archives/6161/program-nursery-2019.pdf"",""version"":""e7c44dd2f7db60e95205aace826a3eb662fccf2ef91926bcd7e96056a8b51756""}]","[""italo-early-v1-en-nursery-3-d5"",""annual-plan-v1-en-nursery-3-d5""]","[""Explore with support"",""Revisit in another familiar setting"",""Transfer and review""]","Un point de départ par domaine et ses reprises ne couvrent pas encore tous les sous-domaines annuels. Compléter à partir des observations et des besoins ; aucun score de complétude MINEDUB.","LOCAL_VALIDATED_NO_OFFICIAL_LEVEL_EQUIVALENCE","ITALO_LOCAL_PROGRAM"
"annual-scope-v1-fr-secondary-6e-mathematiques","fr-secondary-6e","Mathématiques","YEAR","PARTIAL","4","0","0","4","4","[{""id"":""minesec-35"",""url"":""https://files.minesec.gov.cm/2b/PROGRAMME_MATH_6ème_5ème.pdf"",""version"":""1217f04a544a884779c1067037c89bfe57e0b8dbcef06264411d8a35072eedad""}]","[""minesec-35-fr-secondary-6e-module-1"",""minesec-35-fr-secondary-6e-module-2"",""minesec-35-fr-secondary-6e-module-3"",""minesec-35-fr-secondary-6e-module-4""]","[""Décimaux et fractions"",""Données"",""Géométrie plane"",""Solides""]","Synthèses et objectifs partiels ; les leçons et ressources détaillées restent à structurer.","DOCUMENTARY_ONLY_LOCAL_TEACHING_NOT_ESTABLISHED","MINESEC_DOCUMENTED_CANDIDATE_NOT_MANDATORY_SUBJECT"
"annual-scope-v1-fr-secondary-6e-informatique","fr-secondary-6e","Informatique","YEAR","SOURCE_MISSING","0","0","0","0","0","[{""id"":""minesec-31"",""url"":""https://files.minesec.gov.cm/27/Programme_informatique_6ème_et_5ème.pdf"",""version"":""e5c68ffdbe2b4518bfdca278385407134d55ca54b40deda12dca47870984ef4d""}]","[]","[]","Source définitive exploitable absente, contradictoire ou projet : voir le registre des pièces.","DOCUMENTARY_ONLY_LOCAL_TEACHING_NOT_ESTABLISHED","MINESEC_DOCUMENTED_CANDIDATE_NOT_MANDATORY_SUBJECT"
"annual-scope-v1-fr-secondary-6e-sciences","fr-secondary-6e","Sciences","YEAR","PARTIAL","1","0","0","1","1","[{""id"":""minesec-37"",""url"":""https://files.minesec.gov.cm/2d/sciences.pdf"",""version"":""6550ff982523ef020ff4d806e4a6645bc57443a7a7532a75ea6545f2fe902d3f""}]","[""annual-gap-v1-fr-secondary-6e-37-opening""]","[""Le monde vivant""]","Synthèses et objectifs partiels ; les leçons et ressources détaillées restent à structurer.","DOCUMENTARY_ONLY_LOCAL_TEACHING_NOT_ESTABLISHED","MINESEC_DOCUMENTED_CANDIDATE_NOT_MANDATORY_SUBJECT"
"annual-scope-v1-fr-secondary-6e-education-a-la-citoyennete","fr-secondary-6e","Éducation à la citoyenneté","YEAR","PARTIAL","1","2","0","1","1","[{""id"":""minesec-38"",""url"":""https://files.minesec.gov.cm/2e/ECM_6E_5E_ESG.pdf"",""version"":""0ccc7a55cdb16a94cdef2b495168e1f1e6c592c4e5837958acb0c61a3931f161""}]","[""annual-gap-v1-fr-secondary-6e-38-1"",""annual-gap-v1-fr-secondary-6e-38-2"",""annual-gap-v1-fr-secondary-6e-38-3""]","[""Vie familiale et scolaire"",""Gestion des conflits"",""Respect de la personne humaine""]","Synthèses et objectifs partiels ; les leçons et ressources détaillées restent à structurer.","DOCUMENTARY_ONLY_LOCAL_TEACHING_NOT_ESTABLISHED","MINESEC_DOCUMENTED_CANDIDATE_NOT_MANDATORY_SUBJECT"
"annual-scope-v1-fr-secondary-6e-geographie","fr-secondary-6e","Géographie","YEAR","PARTIAL","1","2","0","1","1","[{""id"":""minesec-39"",""url"":""https://files.minesec.gov.cm/2f/GEOGRAPHIE_6e_5e_ESG.pdf"",""version"":""3a07507c00a8c82977fa8d51a8a8935f44f46c949a3b1140f4c8fe436e3e8ee4""}]","[""annual-gap-v1-fr-secondary-6e-39-1"",""annual-gap-v1-fr-secondary-6e-39-2"",""annual-gap-v1-fr-secondary-6e-39-3""]","[""La Terre dans l’Univers"",""Préservation de l’environnement"",""Risques naturels""]","Synthèses et objectifs partiels ; les leçons et ressources détaillées restent à structurer.","DOCUMENTARY_ONLY_LOCAL_TEACHING_NOT_ESTABLISHED","MINESEC_DOCUMENTED_CANDIDATE_NOT_MANDATORY_SUBJECT"
"annual-scope-v1-fr-secondary-6e-histoire","fr-secondary-6e","Histoire","YEAR","PARTIAL","1","2","0","1","1","[{""id"":""minesec-40"",""url"":""https://files.minesec.gov.cm/2g/HISTOIRE_6e_5e_ESG.pdf"",""version"":""95a97e1f62675667376b84502c8258565f92e6bcb6c3d7e217b5ec6dc2e11844""}]","[""annual-gap-v1-fr-secondary-6e-40-1"",""annual-gap-v1-fr-secondary-6e-40-2"",""annual-gap-v1-fr-secondary-6e-40-3""]","[""Civilisations anciennes africaines"",""Civilisations anciennes européennes et asiatiques"",""Religions monothéistes et héritages""]","Synthèses et objectifs partiels ; les leçons et ressources détaillées restent à structurer.","DOCUMENTARY_ONLY_LOCAL_TEACHING_NOT_ESTABLISHED","MINESEC_DOCUMENTED_CANDIDATE_NOT_MANDATORY_SUBJECT"
"annual-scope-v1-fr-secondary-5e-mathematiques","fr-secondary-5e","Mathématiques","YEAR","PARTIAL","4","0","0","4","4","[{""id"":""minesec-35"",""url"":""https://files.minesec.gov.cm/2b/PROGRAMME_MATH_6ème_5ème.pdf"",""version"":""1217f04a544a884779c1067037c89bfe57e0b8dbcef06264411d8a35072eedad""}]","[""minesec-35-fr-secondary-5e-module-1"",""minesec-35-fr-secondary-5e-module-2"",""minesec-35-fr-secondary-5e-module-3"",""minesec-35-fr-secondary-5e-module-4""]","[""Décimaux et fractions"",""Données"",""Géométrie plane"",""Solides""]","Synthèses et objectifs partiels ; les leçons et ressources détaillées restent à structurer.","DOCUMENTARY_ONLY_LOCAL_TEACHING_NOT_ESTABLISHED","MINESEC_DOCUMENTED_CANDIDATE_NOT_MANDATORY_SUBJECT"
"annual-scope-v1-fr-secondary-5e-informatique","fr-secondary-5e","Informatique","YEAR","SOURCE_MISSING","0","0","0","0","0","[{""id"":""minesec-31"",""url"":""https://files.minesec.gov.cm/27/Programme_informatique_6ème_et_5ème.pdf"",""version"":""e5c68ffdbe2b4518bfdca278385407134d55ca54b40deda12dca47870984ef4d""}]","[]","[]","Source définitive exploitable absente, contradictoire ou projet : voir le registre des pièces.","DOCUMENTARY_ONLY_LOCAL_TEACHING_NOT_ESTABLISHED","MINESEC_DOCUMENTED_CANDIDATE_NOT_MANDATORY_SUBJECT"
"annual-scope-v1-fr-secondary-5e-sciences","fr-secondary-5e","Sciences","YEAR","PARTIAL","1","0","0","1","1","[{""id"":""minesec-37"",""url"":""https://files.minesec.gov.cm/2d/sciences.pdf"",""version"":""6550ff982523ef020ff4d806e4a6645bc57443a7a7532a75ea6545f2fe902d3f""}]","[""annual-gap-v1-fr-secondary-5e-37-opening""]","[""Le monde vivant""]","Synthèses et objectifs partiels ; les leçons et ressources détaillées restent à structurer.","DOCUMENTARY_ONLY_LOCAL_TEACHING_NOT_ESTABLISHED","MINESEC_DOCUMENTED_CANDIDATE_NOT_MANDATORY_SUBJECT"
"annual-scope-v1-fr-secondary-5e-education-a-la-citoyennete","fr-secondary-5e","Éducation à la citoyenneté","YEAR","PARTIAL","1","2","0","1","1","[{""id"":""minesec-38"",""url"":""https://files.minesec.gov.cm/2e/ECM_6E_5E_ESG.pdf"",""version"":""0ccc7a55cdb16a94cdef2b495168e1f1e6c592c4e5837958acb0c61a3931f161""}]","[""annual-gap-v1-fr-secondary-5e-38-1"",""annual-gap-v1-fr-secondary-5e-38-2"",""annual-gap-v1-fr-secondary-5e-38-3""]","[""Intégration nationale"",""Lieux d’intégration"",""Mass-médias""]","Synthèses et objectifs partiels ; les leçons et ressources détaillées restent à structurer.","DOCUMENTARY_ONLY_LOCAL_TEACHING_NOT_ESTABLISHED","MINESEC_DOCUMENTED_CANDIDATE_NOT_MANDATORY_SUBJECT"
"annual-scope-v1-fr-secondary-5e-geographie","fr-secondary-5e","Géographie","YEAR","PARTIAL","1","1","0","1","1","[{""id"":""minesec-39"",""url"":""https://files.minesec.gov.cm/2f/GEOGRAPHIE_6e_5e_ESG.pdf"",""version"":""3a07507c00a8c82977fa8d51a8a8935f44f46c949a3b1140f4c8fe436e3e8ee4""}]","[""annual-gap-v1-fr-secondary-5e-39-1"",""annual-gap-v1-fr-secondary-5e-39-2""]","[""L’homme et son milieu"",""Occupation du milieu""]","Synthèses et objectifs partiels ; les leçons et ressources détaillées restent à structurer.","DOCUMENTARY_ONLY_LOCAL_TEACHING_NOT_ESTABLISHED","MINESEC_DOCUMENTED_CANDIDATE_NOT_MANDATORY_SUBJECT"
"annual-scope-v1-fr-secondary-5e-histoire","fr-secondary-5e","Histoire","YEAR","PARTIAL","1","2","0","1","1","[{""id"":""minesec-40"",""url"":""https://files.minesec.gov.cm/2g/HISTOIRE_6e_5e_ESG.pdf"",""version"":""95a97e1f62675667376b84502c8258565f92e6bcb6c3d7e217b5ec6dc2e11844""}]","[""annual-gap-v1-fr-secondary-5e-40-1"",""annual-gap-v1-fr-secondary-5e-40-2"",""annual-gap-v1-fr-secondary-5e-40-3""]","[""Peuplement et organisation du Cameroun"",""Rayonnement historique de l’Afrique"",""Relations de l’Afrique avec le monde""]","Synthèses et objectifs partiels ; les leçons et ressources détaillées restent à structurer.","DOCUMENTARY_ONLY_LOCAL_TEACHING_NOT_ESTABLISHED","MINESEC_DOCUMENTED_CANDIDATE_NOT_MANDATORY_SUBJECT"
"annual-scope-v1-fr-secondary-4e-francais","fr-secondary-4e","Français","YEAR","PARTIAL","5","0","5","5","5","[{""id"":""minesec-44"",""url"":""https://files.minesec.gov.cm/2k/programmeFr1erelangue4em3eme.pdf"",""version"":""b854324d1c5506bba6e948dfda4448438d45f1b964d74d47c707db3581dd7411""}]","[""annual-gap-v1-fr-secondary-4e-44-1"",""annual-gap-v1-fr-secondary-4e-44-2"",""annual-gap-v1-fr-secondary-4e-44-3"",""annual-gap-v1-fr-secondary-4e-44-4"",""annual-gap-v1-fr-secondary-4e-44-5""]","[""Vie familiale et socioculturelle"",""Citoyenneté et environnement"",""Vie économique"",""Bien-être et santé"",""Médias et communication""]","Synthèses et objectifs partiels ; les leçons et ressources détaillées restent à structurer.","DOCUMENTARY_ONLY_LOCAL_TEACHING_NOT_ESTABLISHED","MINESEC_DOCUMENTED_CANDIDATE_NOT_MANDATORY_SUBJECT"
"annual-scope-v1-fr-secondary-4e-mathematiques","fr-secondary-4e","Mathématiques","YEAR","PARTIAL","4","0","0","4","4","[{""id"":""minesec-52"",""url"":""https://files.minesec.gov.cm/2s/Mathématiques_4ème_et_3ème.pdf"",""version"":""05aba9a71ff5165998855a2558ceea1749c0d46ef7b0a71d238c37d851e01a9c""}]","[""minesec-52-fr-secondary-4e-module-1"",""minesec-52-fr-secondary-4e-module-2"",""minesec-52-fr-secondary-4e-module-3"",""minesec-52-fr-secondary-4e-module-4""]","[""Nombres rationnels"",""Données"",""Géométrie plane"",""Solides""]","Synthèses et objectifs partiels ; les leçons et ressources détaillées restent à structurer.","DOCUMENTARY_ONLY_LOCAL_TEACHING_NOT_ESTABLISHED","MINESEC_DOCUMENTED_CANDIDATE_NOT_MANDATORY_SUBJECT"
"annual-scope-v1-fr-secondary-4e-education-a-la-citoyennete","fr-secondary-4e","Éducation à la citoyenneté","YEAR","PARTIAL","1","1","0","1","1","[{""id"":""minesec-53"",""url"":""https://files.minesec.gov.cm/2t/ECM_4ème_et_3ème.pdf"",""version"":""082c3a8803ba6524fe138458044d68c18409df94066802bd6a4169c4ea42f863""}]","[""annual-gap-v1-fr-secondary-4e-53-1"",""annual-gap-v1-fr-secondary-4e-53-2""]","[""Fonctionnement de l’État camerounais"",""Dérives sociales""]","Synthèses et objectifs partiels ; les leçons et ressources détaillées restent à structurer.","DOCUMENTARY_ONLY_LOCAL_TEACHING_NOT_ESTABLISHED","MINESEC_DOCUMENTED_CANDIDATE_NOT_MANDATORY_SUBJECT"
"annual-scope-v1-fr-secondary-4e-geographie","fr-secondary-4e","Géographie","YEAR","PARTIAL","1","2","0","1","1","[{""id"":""minesec-54"",""url"":""https://files.minesec.gov.cm/2u/Géographie_4ème_et_3ème.pdf"",""version"":""648ea882f92b2f7930b8c28c9f81fc2f167c80f35a065defac53491af398a6f4""}]","[""annual-gap-v1-fr-secondary-4e-54-1"",""annual-gap-v1-fr-secondary-4e-54-2"",""annual-gap-v1-fr-secondary-4e-54-3""]","[""Diversité physique et humaine africaine"",""Économie africaine"",""CEMAC""]","Synthèses et objectifs partiels ; les leçons et ressources détaillées restent à structurer.","DOCUMENTARY_ONLY_LOCAL_TEACHING_NOT_ESTABLISHED","MINESEC_DOCUMENTED_CANDIDATE_NOT_MANDATORY_SUBJECT"
"annual-scope-v1-fr-secondary-4e-histoire","fr-secondary-4e","Histoire","YEAR","PARTIAL","1","3","0","1","1","[{""id"":""minesec-55"",""url"":""https://files.minesec.gov.cm/2v/Histoire_4ème_et_3ème.pdf"",""version"":""912c6cf1bf9c4f2587048629c850863ff62aca49f67b0e036e096154ae5e165b""}]","[""annual-gap-v1-fr-secondary-4e-55-1"",""annual-gap-v1-fr-secondary-4e-55-2"",""annual-gap-v1-fr-secondary-4e-55-3"",""annual-gap-v1-fr-secondary-4e-55-4""]","[""Esclavage et traite"",""Migrations africaines"",""Regroupements politiques africains au XIXe siècle"",""Europe des XVIIIe et XIXe siècles""]","Synthèses et objectifs partiels ; les leçons et ressources détaillées restent à structurer.","DOCUMENTARY_ONLY_LOCAL_TEACHING_NOT_ESTABLISHED","MINESEC_DOCUMENTED_CANDIDATE_NOT_MANDATORY_SUBJECT"
"annual-scope-v1-fr-secondary-4e-education-artistique-et-culturelle","fr-secondary-4e","Éducation artistique et culturelle","YEAR","PARTIAL","1","2","0","1","1","[{""id"":""minesec-43"",""url"":""https://files.minesec.gov.cm/2j/Programme_Education_artistique_4e_3e.pdf"",""version"":""d9c3725ebf41b9b38bb850754eb5efd8205d0b5aac70d9a32cd3617eb1dafa66""}]","[""annual-gap-v1-fr-secondary-4e-43-1"",""annual-gap-v1-fr-secondary-4e-43-2"",""annual-gap-v1-fr-secondary-4e-43-3""]","[""Arts scéniques I"",""Arts plastiques I"",""Arts musicaux I""]","Synthèses et objectifs partiels ; les leçons et ressources détaillées restent à structurer.","DOCUMENTARY_ONLY_LOCAL_TEACHING_NOT_ESTABLISHED","MINESEC_DOCUMENTED_CANDIDATE_NOT_MANDATORY_SUBJECT"
"annual-scope-v1-fr-secondary-4e-anglais","fr-secondary-4e","Anglais","YEAR","PARTIAL","1","4","0","1","1","[{""id"":""minesec-42"",""url"":""https://files.minesec.gov.cm/2i/ANGLAIS_Syllabus_4e_ESG__burnable.pdf"",""version"":""9e7e9e6534dd97d0c7d0971c4dca51b74c0e348dfce6b1a91d2d49a30ac383be""}]","[""annual-gap-v1-fr-secondary-4e-42-1"",""annual-gap-v1-fr-secondary-4e-42-2"",""annual-gap-v1-fr-secondary-4e-42-3"",""annual-gap-v1-fr-secondary-4e-42-4"",""annual-gap-v1-fr-secondary-4e-42-5""]","[""Social integration and traditions"",""Professional future and leisure"",""Environment and health"",""Gender and mutual acceptance"",""ICT communication""]","Synthèses et objectifs partiels ; les leçons et ressources détaillées restent à structurer.","DOCUMENTARY_ONLY_LOCAL_TEACHING_NOT_ESTABLISHED","MINESEC_DOCUMENTED_CANDIDATE_NOT_MANDATORY_SUBJECT"
"annual-scope-v1-fr-secondary-4e-allemand","fr-secondary-4e","Allemand","YEAR","PARTIAL","1","0","0","1","1","[{""id"":""minesec-51"",""url"":""https://files.minesec.gov.cm/2r/Allemand.pdf"",""version"":""6e151d6f478e685de34809b593a34ba38da4496b8267a7185cdd47bcbac03314""}]","[""annual-gap-v1-fr-secondary-4e-51-conditional""]","[""Allemand : vie familiale et sociale""]","Synthèses et objectifs partiels ; les leçons et ressources détaillées restent à structurer.","DOCUMENTARY_ONLY_LOCAL_TEACHING_NOT_ESTABLISHED","MINESEC_DOCUMENTED_CANDIDATE_NOT_MANDATORY_SUBJECT"
"annual-scope-v1-fr-secondary-4e-arabe","fr-secondary-4e","Arabe","YEAR","PARTIAL","1","0","0","1","1","[{""id"":""minesec-46"",""url"":""https://files.minesec.gov.cm/2m/programme_Arabe_4eme3eme.pdf"",""version"":""d4f6487f30cba9e57b983656729cb09a4555d72ea9c8022d79063950cd667524""}]","[""annual-gap-v1-fr-secondary-4e-46-conditional""]","[""Arabe : communication courante""]","Synthèses et objectifs partiels ; les leçons et ressources détaillées restent à structurer.","DOCUMENTARY_ONLY_LOCAL_TEACHING_NOT_ESTABLISHED","MINESEC_DOCUMENTED_CANDIDATE_NOT_MANDATORY_SUBJECT"
"annual-scope-v1-fr-secondary-4e-espagnol","fr-secondary-4e","Espagnol","YEAR","PARTIAL","1","0","0","1","1","[{""id"":""minesec-48"",""url"":""https://files.minesec.gov.cm/2o/programme_Espagnol_4eme3eme.pdf"",""version"":""81a2b14d42e7272a2c731330bed38a9a9f737756ffe32e54e241ccfdf1af45ba""}]","[""annual-gap-v1-fr-secondary-4e-48-conditional""]","[""Espagnol : contacts sociaux""]","Synthèses et objectifs partiels ; les leçons et ressources détaillées restent à structurer.","DOCUMENTARY_ONLY_LOCAL_TEACHING_NOT_ESTABLISHED","MINESEC_DOCUMENTED_CANDIDATE_NOT_MANDATORY_SUBJECT"
"annual-scope-v1-fr-secondary-4e-chinois","fr-secondary-4e","Chinois","YEAR","PARTIAL","1","0","0","1","1","[{""id"":""minesec-47"",""url"":""https://files.minesec.gov.cm/2n/programme_CHINOIS_4eme3eme.pdf"",""version"":""981102cf58a22c0971e22ba4c2ebc8f4031048ebac852fc17984a1cc17d269b6""}]","[""annual-gap-v1-fr-secondary-4e-47-conditional""]","[""Chinois : vie familiale et sociale""]","Synthèses et objectifs partiels ; les leçons et ressources détaillées restent à structurer.","DOCUMENTARY_ONLY_LOCAL_TEACHING_NOT_ESTABLISHED","MINESEC_DOCUMENTED_CANDIDATE_NOT_MANDATORY_SUBJECT"
"annual-scope-v1-fr-secondary-4e-latin-grec","fr-secondary-4e","Latin-Grec","YEAR","PARTIAL","1","0","0","1","1","[{""id"":""minesec-49"",""url"":""https://files.minesec.gov.cm/2p/Latin_Grec.pdf"",""version"":""aa650becea7a0939fe35d4255611c126fdba94216a2823f85f2c35fe470cf388""}]","[""annual-gap-v1-fr-secondary-4e-49-conditional""]","[""Latin : vie familiale et sociale""]","Synthèses et objectifs partiels ; les leçons et ressources détaillées restent à structurer.","DOCUMENTARY_ONLY_LOCAL_TEACHING_NOT_ESTABLISHED","MINESEC_DOCUMENTED_CANDIDATE_NOT_MANDATORY_SUBJECT"
"annual-scope-v1-fr-secondary-3e-francais","fr-secondary-3e","Français","YEAR","PARTIAL","5","0","5","5","5","[{""id"":""minesec-44"",""url"":""https://files.minesec.gov.cm/2k/programmeFr1erelangue4em3eme.pdf"",""version"":""b854324d1c5506bba6e948dfda4448438d45f1b964d74d47c707db3581dd7411""}]","[""annual-gap-v1-fr-secondary-3e-44-1"",""annual-gap-v1-fr-secondary-3e-44-2"",""annual-gap-v1-fr-secondary-3e-44-3"",""annual-gap-v1-fr-secondary-3e-44-4"",""annual-gap-v1-fr-secondary-3e-44-5""]","[""Vie familiale et socioculturelle"",""Citoyenneté et environnement"",""Vie économique"",""Bien-être et santé"",""Médias et communication""]","Synthèses et objectifs partiels ; les leçons et ressources détaillées restent à structurer.","DOCUMENTARY_ONLY_LOCAL_TEACHING_NOT_ESTABLISHED","MINESEC_DOCUMENTED_CANDIDATE_NOT_MANDATORY_SUBJECT"
"annual-scope-v1-fr-secondary-3e-mathematiques","fr-secondary-3e","Mathématiques","YEAR","PARTIAL","4","0","0","4","4","[{""id"":""minesec-52"",""url"":""https://files.minesec.gov.cm/2s/Mathématiques_4ème_et_3ème.pdf"",""version"":""05aba9a71ff5165998855a2558ceea1749c0d46ef7b0a71d238c37d851e01a9c""}]","[""minesec-52-fr-secondary-3e-module-1"",""minesec-52-fr-secondary-3e-module-2"",""minesec-52-fr-secondary-3e-module-3"",""minesec-52-fr-secondary-3e-module-4""]","[""Nombres réels"",""Données"",""Géométrie plane"",""Solides""]","Synthèses et objectifs partiels ; les leçons et ressources détaillées restent à structurer.","DOCUMENTARY_ONLY_LOCAL_TEACHING_NOT_ESTABLISHED","MINESEC_DOCUMENTED_CANDIDATE_NOT_MANDATORY_SUBJECT"
"annual-scope-v1-fr-secondary-3e-education-a-la-citoyennete","fr-secondary-3e","Éducation à la citoyenneté","YEAR","PARTIAL","1","2","0","1","1","[{""id"":""minesec-53"",""url"":""https://files.minesec.gov.cm/2t/ECM_4ème_et_3ème.pdf"",""version"":""082c3a8803ba6524fe138458044d68c18409df94066802bd6a4169c4ea42f863""}]","[""annual-gap-v1-fr-secondary-3e-53-1"",""annual-gap-v1-fr-secondary-3e-53-2"",""annual-gap-v1-fr-secondary-3e-53-3""]","[""Démocratie"",""Associations"",""Vie économique""]","Synthèses et objectifs partiels ; les leçons et ressources détaillées restent à structurer.","DOCUMENTARY_ONLY_LOCAL_TEACHING_NOT_ESTABLISHED","MINESEC_DOCUMENTED_CANDIDATE_NOT_MANDATORY_SUBJECT"
"annual-scope-v1-fr-secondary-3e-geographie","fr-secondary-3e","Géographie","YEAR","PARTIAL","1","4","0","1","1","[{""id"":""minesec-54"",""url"":""https://files.minesec.gov.cm/2u/Géographie_4ème_et_3ème.pdf"",""version"":""648ea882f92b2f7930b8c28c9f81fc2f167c80f35a065defac53491af398a6f4""}]","[""annual-gap-v1-fr-secondary-3e-54-1"",""annual-gap-v1-fr-secondary-3e-54-2"",""annual-gap-v1-fr-secondary-3e-54-3"",""annual-gap-v1-fr-secondary-3e-54-4"",""annual-gap-v1-fr-secondary-3e-54-5""]","[""Milieux géographiques camerounais"",""Population camerounaise"",""Activités économiques"",""Lutte contre la pauvreté"",""Échanges mondiaux""]","Synthèses et objectifs partiels ; les leçons et ressources détaillées restent à structurer.","DOCUMENTARY_ONLY_LOCAL_TEACHING_NOT_ESTABLISHED","MINESEC_DOCUMENTED_CANDIDATE_NOT_MANDATORY_SUBJECT"
"annual-scope-v1-fr-secondary-3e-histoire","fr-secondary-3e","Histoire","YEAR","PARTIAL","1","3","0","1","1","[{""id"":""minesec-55"",""url"":""https://files.minesec.gov.cm/2v/Histoire_4ème_et_3ème.pdf"",""version"":""912c6cf1bf9c4f2587048629c850863ff62aca49f67b0e036e096154ae5e165b""}]","[""annual-gap-v1-fr-secondary-3e-55-1"",""annual-gap-v1-fr-secondary-3e-55-2"",""annual-gap-v1-fr-secondary-3e-55-3"",""annual-gap-v1-fr-secondary-3e-55-4""]","[""Impérialismes"",""Crises et guerres du XXe siècle"",""Décolonisation"",""Du Kamerun à la République du Cameroun""]","Synthèses et objectifs partiels ; les leçons et ressources détaillées restent à structurer.","DOCUMENTARY_ONLY_LOCAL_TEACHING_NOT_ESTABLISHED","MINESEC_DOCUMENTED_CANDIDATE_NOT_MANDATORY_SUBJECT"
"annual-scope-v1-fr-secondary-3e-education-artistique-et-culturelle","fr-secondary-3e","Éducation artistique et culturelle","YEAR","PARTIAL","1","2","0","1","1","[{""id"":""minesec-43"",""url"":""https://files.minesec.gov.cm/2j/Programme_Education_artistique_4e_3e.pdf"",""version"":""d9c3725ebf41b9b38bb850754eb5efd8205d0b5aac70d9a32cd3617eb1dafa66""}]","[""annual-gap-v1-fr-secondary-3e-43-1"",""annual-gap-v1-fr-secondary-3e-43-2"",""annual-gap-v1-fr-secondary-3e-43-3""]","[""Arts scéniques II"",""Arts plastiques II"",""Arts musicaux II""]","Synthèses et objectifs partiels ; les leçons et ressources détaillées restent à structurer.","DOCUMENTARY_ONLY_LOCAL_TEACHING_NOT_ESTABLISHED","MINESEC_DOCUMENTED_CANDIDATE_NOT_MANDATORY_SUBJECT"
"annual-scope-v1-fr-secondary-3e-anglais","fr-secondary-3e","Anglais","YEAR","PARTIAL","1","4","0","1","1","[{""id"":""minesec-42"",""url"":""https://files.minesec.gov.cm/2i/ANGLAIS_Syllabus_4e_ESG__burnable.pdf"",""version"":""9e7e9e6534dd97d0c7d0971c4dca51b74c0e348dfce6b1a91d2d49a30ac383be""}]","[""annual-gap-v1-fr-secondary-3e-42-1"",""annual-gap-v1-fr-secondary-3e-42-2"",""annual-gap-v1-fr-secondary-3e-42-3"",""annual-gap-v1-fr-secondary-3e-42-4"",""annual-gap-v1-fr-secondary-3e-42-5""]","[""National integration and diversity"",""Consumption and society"",""Climate, hygiene and sanitation"",""Excellence, gender and democracy"",""Uses of technology""]","Synthèses et objectifs partiels ; les leçons et ressources détaillées restent à structurer.","DOCUMENTARY_ONLY_LOCAL_TEACHING_NOT_ESTABLISHED","MINESEC_DOCUMENTED_CANDIDATE_NOT_MANDATORY_SUBJECT"
"annual-scope-v1-fr-secondary-3e-allemand","fr-secondary-3e","Allemand","YEAR","PARTIAL","1","0","0","1","1","[{""id"":""minesec-51"",""url"":""https://files.minesec.gov.cm/2r/Allemand.pdf"",""version"":""6e151d6f478e685de34809b593a34ba38da4496b8267a7185cdd47bcbac03314""}]","[""annual-gap-v1-fr-secondary-3e-51-conditional""]","[""Allemand : vie familiale et sociale""]","Synthèses et objectifs partiels ; les leçons et ressources détaillées restent à structurer.","DOCUMENTARY_ONLY_LOCAL_TEACHING_NOT_ESTABLISHED","MINESEC_DOCUMENTED_CANDIDATE_NOT_MANDATORY_SUBJECT"
"annual-scope-v1-fr-secondary-3e-arabe","fr-secondary-3e","Arabe","YEAR","PARTIAL","1","0","0","1","1","[{""id"":""minesec-46"",""url"":""https://files.minesec.gov.cm/2m/programme_Arabe_4eme3eme.pdf"",""version"":""d4f6487f30cba9e57b983656729cb09a4555d72ea9c8022d79063950cd667524""}]","[""annual-gap-v1-fr-secondary-3e-46-conditional""]","[""Arabe : communication courante""]","Synthèses et objectifs partiels ; les leçons et ressources détaillées restent à structurer.","DOCUMENTARY_ONLY_LOCAL_TEACHING_NOT_ESTABLISHED","MINESEC_DOCUMENTED_CANDIDATE_NOT_MANDATORY_SUBJECT"
"annual-scope-v1-fr-secondary-3e-espagnol","fr-secondary-3e","Espagnol","YEAR","PARTIAL","1","0","0","1","1","[{""id"":""minesec-48"",""url"":""https://files.minesec.gov.cm/2o/programme_Espagnol_4eme3eme.pdf"",""version"":""81a2b14d42e7272a2c731330bed38a9a9f737756ffe32e54e241ccfdf1af45ba""}]","[""annual-gap-v1-fr-secondary-3e-48-conditional""]","[""Espagnol : contacts sociaux""]","Synthèses et objectifs partiels ; les leçons et ressources détaillées restent à structurer.","DOCUMENTARY_ONLY_LOCAL_TEACHING_NOT_ESTABLISHED","MINESEC_DOCUMENTED_CANDIDATE_NOT_MANDATORY_SUBJECT"
"annual-scope-v1-fr-secondary-3e-chinois","fr-secondary-3e","Chinois","YEAR","PARTIAL","1","0","0","1","1","[{""id"":""minesec-47"",""url"":""https://files.minesec.gov.cm/2n/programme_CHINOIS_4eme3eme.pdf"",""version"":""981102cf58a22c0971e22ba4c2ebc8f4031048ebac852fc17984a1cc17d269b6""}]","[""annual-gap-v1-fr-secondary-3e-47-conditional""]","[""Chinois : vie familiale et sociale""]","Synthèses et objectifs partiels ; les leçons et ressources détaillées restent à structurer.","DOCUMENTARY_ONLY_LOCAL_TEACHING_NOT_ESTABLISHED","MINESEC_DOCUMENTED_CANDIDATE_NOT_MANDATORY_SUBJECT"
"annual-scope-v1-fr-secondary-3e-latin-grec","fr-secondary-3e","Latin-Grec","YEAR","PARTIAL","1","0","0","1","1","[{""id"":""minesec-49"",""url"":""https://files.minesec.gov.cm/2p/Latin_Grec.pdf"",""version"":""aa650becea7a0939fe35d4255611c126fdba94216a2823f85f2c35fe470cf388""}]","[""annual-gap-v1-fr-secondary-3e-49-conditional""]","[""Latin : vie économique""]","Synthèses et objectifs partiels ; les leçons et ressources détaillées restent à structurer.","DOCUMENTARY_ONLY_LOCAL_TEACHING_NOT_ESTABLISHED","MINESEC_DOCUMENTED_CANDIDATE_NOT_MANDATORY_SUBJECT"
"annual-scope-v1-fr-secondary-2nde-anglais","fr-secondary-2nde","Anglais","YEAR","SOURCE_MISSING","0","0","0","0","0","[{""id"":""minesec-76"",""url"":""https://files.minesec.gov.cm/4s/ANGLAIS_SYLLABUS_2DE_edited.pdf"",""version"":""49607b27a03dcd82cee30fbeeac5a9fa74cab3dcd60013600f13a7a5037eeee7""}]","[]","[]","Source définitive exploitable absente, contradictoire ou projet : voir le registre des pièces.","DOCUMENTARY_ONLY_LOCAL_TEACHING_NOT_ESTABLISHED","MINESEC_DOCUMENTED_CANDIDATE_NOT_MANDATORY_SUBJECT"
"annual-scope-v1-fr-secondary-2nde-informatique","fr-secondary-2nde","Informatique","YEAR","PARTIAL","2","0","0","2","2","[{""id"":""minesec-79"",""url"":""https://files.minesec.gov.cm/4v/programme_seconde_A.pdf"",""version"":""e0227dfa71087e142f686ac96b4c0af42bdb7f64f25deb36e1435310e83587ce""},{""id"":""minesec-80"",""url"":""https://files.minesec.gov.cm/4w/programme_seconde_C.pdf"",""version"":""8520bb291565e1ab4a543e0497c4911785393b6e08068d175198c445dbd0ee00""}]","[""annual-gap-v1-fr-secondary-2nde-79-conditional"",""annual-gap-v1-fr-secondary-2nde-80-conditional""]","[""Informatique : multimédia et réseaux sociaux"",""Informatique : infographie et communication numérique""]","Synthèses et objectifs partiels ; les leçons et ressources détaillées restent à structurer.","DOCUMENTARY_ONLY_LOCAL_TEACHING_NOT_ESTABLISHED","MINESEC_DOCUMENTED_CANDIDATE_NOT_MANDATORY_SUBJECT"
"annual-scope-v1-fr-secondary-2nde-svteehb","fr-secondary-2nde","SVTEEHB","YEAR","PARTIAL","1","0","0","1","1","[{""id"":""minesec-146"",""url"":""https://files.minesec.gov.cm/iu/Programme_de__SVTEEHB_Classe_de_2nde.pdf"",""version"":""c37fdb268904e06b19ee956e68cce17cc288fb53ea413e0d9fa3b31f796aa0cd""}]","[""annual-gap-v1-fr-secondary-2nde-146-conditional""]","[""SVTEEHB : vivant, santé, environnement, biotechnologie""]","Synthèses et objectifs partiels ; les leçons et ressources détaillées restent à structurer.","DOCUMENTARY_ONLY_LOCAL_TEACHING_NOT_ESTABLISHED","MINESEC_DOCUMENTED_CANDIDATE_NOT_MANDATORY_SUBJECT"
"annual-scope-v1-fr-secondary-2nde-education-artistique","fr-secondary-2nde","Éducation artistique","YEAR","PARTIAL","1","0","0","1","1","[{""id"":""minesec-144"",""url"":""https://files.minesec.gov.cm/is/Programme_des_arts_2nde.pdf"",""version"":""647eb0122908301e49b76ef434af6e24c0d19cedbd5a631a00ab6a897d976a84""}]","[""annual-gap-v1-fr-secondary-2nde-144-conditional""]","[""Éducation artistique : profil de sortie""]","Synthèses et objectifs partiels ; les leçons et ressources détaillées restent à structurer.","DOCUMENTARY_ONLY_LOCAL_TEACHING_NOT_ESTABLISHED","MINESEC_DOCUMENTED_CANDIDATE_NOT_MANDATORY_SUBJECT"
"annual-scope-v1-fr-secondary-2nde-chimie","fr-secondary-2nde","Chimie","YEAR","SOURCE_MISSING","0","0","0","0","0","[{""id"":""minesec-147"",""url"":""https://files.minesec.gov.cm/iv/Projet_de_programme_de_chimie_2nde_C-_Final.pdf"",""version"":""ab086b94c3c655b66d0c9ccbcec98055ed4634cd1574da52e590c292f0cfa0df""}]","[]","[]","Source définitive exploitable absente, contradictoire ou projet : voir le registre des pièces.","DOCUMENTARY_ONLY_LOCAL_TEACHING_NOT_ESTABLISHED","MINESEC_DOCUMENTED_CANDIDATE_NOT_MANDATORY_SUBJECT"
"annual-scope-v1-fr-secondary-2nde-physique","fr-secondary-2nde","Physique","YEAR","SOURCE_MISSING","0","0","0","0","0","[{""id"":""minesec-148"",""url"":""https://files.minesec.gov.cm/iw/Projet_de_programme_de_Physique_2nde_C_-_Final.pdf"",""version"":""ea434ca8a94b2b0ca2d2e769a41f8534660e02cf3bd61fb8f70c2e852834adca""}]","[]","[]","Source définitive exploitable absente, contradictoire ou projet : voir le registre des pièces.","DOCUMENTARY_ONLY_LOCAL_TEACHING_NOT_ESTABLISHED","MINESEC_DOCUMENTED_CANDIDATE_NOT_MANDATORY_SUBJECT"
"annual-scope-v1-fr-secondary-terminale-histoire","fr-secondary-terminale","Histoire","YEAR","PARTIAL","1","0","0","1","1","[{""id"":""minesec-200"",""url"":""https://files.minesec.gov.cm/jm/PROGRAMME_HISTOIRE_Tle-ESG.pdf"",""version"":""645c25956acb2cceee2cef35629348e7dc2363f054acc7e9b7d558be7b28491e""}]","[""annual-gap-v1-fr-secondary-terminale-200-conditional""]","[""Histoire : décolonisation et conflits""]","Synthèses et objectifs partiels ; les leçons et ressources détaillées restent à structurer.","DOCUMENTARY_ONLY_LOCAL_TEACHING_NOT_ESTABLISHED","MINESEC_DOCUMENTED_CANDIDATE_NOT_MANDATORY_SUBJECT"
"annual-scope-v1-fr-secondary-terminale-geographie","fr-secondary-terminale","Géographie","YEAR","PARTIAL","1","0","0","1","1","[{""id"":""minesec-202"",""url"":""https://files.minesec.gov.cm/jo/PROGRAMME_GEO_Tle-ESG.pdf"",""version"":""7c66c838011881c44d020c8212b57078e00dd3100bfab431ac10032bbacd7fe3""}]","[""annual-gap-v1-fr-secondary-terminale-202-conditional""]","[""Géographie : Cameroun et mondialisation""]","Synthèses et objectifs partiels ; les leçons et ressources détaillées restent à structurer.","DOCUMENTARY_ONLY_LOCAL_TEACHING_NOT_ESTABLISHED","MINESEC_DOCUMENTED_CANDIDATE_NOT_MANDATORY_SUBJECT"
"annual-scope-v1-fr-secondary-terminale-informatique","fr-secondary-terminale","Informatique","YEAR","PARTIAL","2","0","0","2","2","[{""id"":""minesec-195"",""url"":""https://files.minesec.gov.cm/jh/programme_Terminales_A_06_08_2020.pdf"",""version"":""edd57aa4b50d94fc3f5b516ba48d82cc5c3922ea9e799c355bdf4473dcf30f68""},{""id"":""minesec-196"",""url"":""https://files.minesec.gov.cm/ji/programme_T_CDE_06_08_2020.pdf"",""version"":""e87218788ca22b3f263623114cfdf2b7427f14a39e2f363b12f1e82c6766dbe8""}]","[""annual-gap-v1-fr-secondary-terminale-195-conditional"",""annual-gap-v1-fr-secondary-terminale-196-conditional""]","[""Informatique : protection des systèmes"",""Informatique : tableur""]","Synthèses et objectifs partiels ; les leçons et ressources détaillées restent à structurer.","DOCUMENTARY_ONLY_LOCAL_TEACHING_NOT_ESTABLISHED","MINESEC_DOCUMENTED_CANDIDATE_NOT_MANDATORY_SUBJECT"
"annual-scope-v1-en-secondary-form1-computer-science","en-secondary-form1","Computer Science","YEAR","PARTIAL","1","1","0","1","1","[{""id"":""minesec-2"",""url"":""https://files.minesec.gov.cm/c/Computer_Science__Sylabus_Form1_2_11_aout_2014_mbalmayo.pdf"",""version"":""d10490fa98c15fe4a561408eb3b42726356f87f2f5536232141ba215ba2d2d11""}]","[""annual-gap-v1-en-secondary-form1-2-1"",""annual-gap-v1-en-secondary-form1-2-2""]","[""Computing environment"",""Hardware, software and basic concepts""]","Synthèses et objectifs partiels ; les leçons et ressources détaillées restent à structurer.","DOCUMENTARY_ONLY_LOCAL_TEACHING_NOT_ESTABLISHED","MINESEC_DOCUMENTED_CANDIDATE_NOT_MANDATORY_SUBJECT"
"annual-scope-v1-en-secondary-form1-mathematics","en-secondary-form1","Mathematics","YEAR","PARTIAL","4","0","0","4","4","[{""id"":""minesec-8"",""url"":""https://files.minesec.gov.cm/i/Maths_syllabus_mbalmayo.pdf"",""version"":""ea6a51e29b09f6fcf8284209b60cf4e850cfb8068fa6f21b7fcfaaa8263ce123""}]","[""minesec-8-en-secondary-form1-module-1"",""minesec-8-en-secondary-form1-module-2"",""minesec-8-en-secondary-form1-module-3"",""minesec-8-en-secondary-form1-module-4""]","[""Numbers and operations"",""Plane shapes"",""Solid shapes"",""Elementary statistics""]","Synthèses et objectifs partiels ; les leçons et ressources détaillées restent à structurer.","DOCUMENTARY_ONLY_LOCAL_TEACHING_NOT_ESTABLISHED","MINESEC_DOCUMENTED_CANDIDATE_NOT_MANDATORY_SUBJECT"
"annual-scope-v1-en-secondary-form1-biology","en-secondary-form1","Biology","YEAR","PARTIAL","1","0","0","1","1","[{""id"":""minesec-5"",""url"":""https://files.minesec.gov.cm/f/CBA.pdf"",""version"":""81a6f1e193ac0d59b37d655d6a6abdfb1b7b6a93dfc71e5d0a52d2bf4eeada81""}]","[""annual-gap-v1-en-secondary-form1-5-opening""]","[""Living world — shared introductory framework""]","Synthèses et objectifs partiels ; les leçons et ressources détaillées restent à structurer.","DOCUMENTARY_ONLY_LOCAL_TEACHING_NOT_ESTABLISHED","MINESEC_DOCUMENTED_CANDIDATE_NOT_MANDATORY_SUBJECT"
"annual-scope-v1-en-secondary-form1-physics","en-secondary-form1","Physics","YEAR","PARTIAL","1","0","0","1","1","[{""id"":""minesec-10"",""url"":""https://files.minesec.gov.cm/1M/NEW_FORM_ONE_AND_FORM_TWO_SYLLABUS1.pdf"",""version"":""17704bfd54400210c3e0f591f62dc5d5206eb09b2e2da5a753226abe2c057c06""}]","[""annual-gap-v1-en-secondary-form1-10-opening""]","[""Scientific methods""]","Synthèses et objectifs partiels ; les leçons et ressources détaillées restent à structurer.","DOCUMENTARY_ONLY_LOCAL_TEACHING_NOT_ESTABLISHED","MINESEC_DOCUMENTED_CANDIDATE_NOT_MANDATORY_SUBJECT"
"annual-scope-v1-en-secondary-form2-computer-science","en-secondary-form2","Computer Science","YEAR","PARTIAL","1","1","0","1","1","[{""id"":""minesec-2"",""url"":""https://files.minesec.gov.cm/c/Computer_Science__Sylabus_Form1_2_11_aout_2014_mbalmayo.pdf"",""version"":""d10490fa98c15fe4a561408eb3b42726356f87f2f5536232141ba215ba2d2d11""}]","[""annual-gap-v1-en-secondary-form2-2-1"",""annual-gap-v1-en-secondary-form2-2-2""]","[""Organising and using computer resources"",""Searching and communicating online""]","Synthèses et objectifs partiels ; les leçons et ressources détaillées restent à structurer.","DOCUMENTARY_ONLY_LOCAL_TEACHING_NOT_ESTABLISHED","MINESEC_DOCUMENTED_CANDIDATE_NOT_MANDATORY_SUBJECT"
"annual-scope-v1-en-secondary-form2-mathematics","en-secondary-form2","Mathematics","YEAR","PARTIAL","5","0","0","5","5","[{""id"":""minesec-8"",""url"":""https://files.minesec.gov.cm/i/Maths_syllabus_mbalmayo.pdf"",""version"":""ea6a51e29b09f6fcf8284209b60cf4e850cfb8068fa6f21b7fcfaaa8263ce123""}]","[""minesec-8-en-secondary-form2-module-1"",""minesec-8-en-secondary-form2-module-2"",""minesec-8-en-secondary-form2-module-3"",""minesec-8-en-secondary-form2-module-4"",""minesec-8-en-secondary-form2-module-5""]","[""Numbers and operations"",""Plane shapes"",""Solid shapes"",""Data and probability"",""Introductory algebra""]","Synthèses et objectifs partiels ; les leçons et ressources détaillées restent à structurer.","DOCUMENTARY_ONLY_LOCAL_TEACHING_NOT_ESTABLISHED","MINESEC_DOCUMENTED_CANDIDATE_NOT_MANDATORY_SUBJECT"
"annual-scope-v1-en-secondary-form2-biology","en-secondary-form2","Biology","YEAR","PARTIAL","1","0","0","1","1","[{""id"":""minesec-5"",""url"":""https://files.minesec.gov.cm/f/CBA.pdf"",""version"":""81a6f1e193ac0d59b37d655d6a6abdfb1b7b6a93dfc71e5d0a52d2bf4eeada81""}]","[""annual-gap-v1-en-secondary-form2-5-opening""]","[""Living world — shared introductory framework""]","Synthèses et objectifs partiels ; les leçons et ressources détaillées restent à structurer.","DOCUMENTARY_ONLY_LOCAL_TEACHING_NOT_ESTABLISHED","MINESEC_DOCUMENTED_CANDIDATE_NOT_MANDATORY_SUBJECT"
"annual-scope-v1-en-secondary-form2-physics","en-secondary-form2","Physics","YEAR","PARTIAL","1","0","0","1","1","[{""id"":""minesec-10"",""url"":""https://files.minesec.gov.cm/1M/NEW_FORM_ONE_AND_FORM_TWO_SYLLABUS1.pdf"",""version"":""17704bfd54400210c3e0f591f62dc5d5206eb09b2e2da5a753226abe2c057c06""}]","[""annual-gap-v1-en-secondary-form2-10-opening""]","[""Scientific methods""]","Synthèses et objectifs partiels ; les leçons et ressources détaillées restent à structurer.","DOCUMENTARY_ONLY_LOCAL_TEACHING_NOT_ESTABLISHED","MINESEC_DOCUMENTED_CANDIDATE_NOT_MANDATORY_SUBJECT"
"annual-scope-v1-en-secondary-form3-mathematics","en-secondary-form3","Mathematics","YEAR","PARTIAL","5","0","0","5","5","[{""id"":""minesec-62"",""url"":""https://files.minesec.gov.cm/4e/Math_syllabus_for_forma_3.pdf"",""version"":""bb223c3a4ca837ba132bc8b766d2c76130c05005be061f6dbcc893dbf56e7676""}]","[""minesec-62-en-secondary-form3-module-1"",""minesec-62-en-secondary-form3-module-2"",""minesec-62-en-secondary-form3-module-3"",""minesec-62-en-secondary-form3-module-4"",""minesec-62-en-secondary-form3-module-5""]","[""Numbers and sets"",""Plane geometry"",""Solid shapes"",""Data and probability"",""Algebraic reasoning""]","Synthèses et objectifs partiels ; les leçons et ressources détaillées restent à structurer.","DOCUMENTARY_ONLY_LOCAL_TEACHING_NOT_ESTABLISHED","MINESEC_DOCUMENTED_CANDIDATE_NOT_MANDATORY_SUBJECT"
"annual-scope-v1-en-secondary-form3-computer-science","en-secondary-form3","Computer Science","YEAR","PARTIAL","1","1","0","1","1","[{""id"":""minesec-59"",""url"":""https://files.minesec.gov.cm/2z/Computer_Science_Syllabus_F3_4_5.pdf"",""version"":""ae22083710bf694539c1f37d250435670ffb2dc77a33bf4cd264b3d932d70691""}]","[""annual-gap-v1-en-secondary-form3-59-1"",""annual-gap-v1-en-secondary-form3-59-2""]","[""Operating systems and networks"",""Applications and algorithms""]","Synthèses et objectifs partiels ; les leçons et ressources détaillées restent à structurer.","DOCUMENTARY_ONLY_LOCAL_TEACHING_NOT_ESTABLISHED","MINESEC_DOCUMENTED_CANDIDATE_NOT_MANDATORY_SUBJECT"
"annual-scope-v1-en-secondary-form3-french","en-secondary-form3","French","YEAR","PARTIAL","5","0","1","5","5","[{""id"":""minesec-57"",""url"":""https://files.minesec.gov.cm/2x/FRENCH_AS_SECOND_LANGUAGE_Form_3,__4_et_5_burnable.pdf"",""version"":""9934c5735e1951e6c3a0b101f1e6805423f24798564c68f597d7aafbcfbf4cea""}]","[""annual-gap-v1-en-secondary-form3-57-1"",""annual-gap-v1-en-secondary-form3-57-2"",""annual-gap-v1-en-secondary-form3-57-3"",""annual-gap-v1-en-secondary-form3-57-4"",""annual-gap-v1-en-secondary-form3-57-5""]","[""Vie familiale et intégration"",""Environnement et santé"",""Citoyenneté et ouverture"",""Économie et travail"",""Communication et TIC""]","Synthèses et objectifs partiels ; les leçons et ressources détaillées restent à structurer.","DOCUMENTARY_ONLY_LOCAL_TEACHING_NOT_ESTABLISHED","MINESEC_DOCUMENTED_CANDIDATE_NOT_MANDATORY_SUBJECT"
"annual-scope-v1-en-secondary-form3-physics","en-secondary-form3","Physics","YEAR","PARTIAL","1","0","0","1","1","[{""id"":""minesec-63"",""url"":""https://files.minesec.gov.cm/4f/PHYSICS_teaching__SYLLABUS_FOR_FORM_THREE_TO_FIVE_final.pdf"",""version"":""3bb72390b762a074ba06fbc0e422ec247bb1f55aa0cf247fa7a14e8874b6478e""}]","[""annual-gap-v1-en-secondary-form3-63-opening""]","[""Physical quantities and measurement""]","Synthèses et objectifs partiels ; les leçons et ressources détaillées restent à structurer.","DOCUMENTARY_ONLY_LOCAL_TEACHING_NOT_ESTABLISHED","MINESEC_DOCUMENTED_CANDIDATE_NOT_MANDATORY_SUBJECT"
"annual-scope-v1-en-secondary-form3-chemistry","en-secondary-form3","Chemistry","YEAR","SOURCE_MISSING","0","0","0","0","0","[{""id"":""minesec-64"",""url"":""https://files.minesec.gov.cm/4g/Syllabus_anglophone_chemistry.pdf"",""version"":""b654814a359c3bdb72457884e2d3514b010308a0fe6ebbf13942480c66048443""}]","[]","[]","Source définitive exploitable absente, contradictoire ou projet : voir le registre des pièces.","DOCUMENTARY_ONLY_LOCAL_TEACHING_NOT_ESTABLISHED","MINESEC_DOCUMENTED_CANDIDATE_NOT_MANDATORY_SUBJECT"
"annual-scope-v1-en-secondary-form3-biology","en-secondary-form3","Biology","YEAR","PARTIAL","1","2","0","1","1","[{""id"":""minesec-69"",""url"":""https://files.minesec.gov.cm/4l/BIO_F_3-4-5.pdf"",""version"":""4d77a1caaccd55a78d3dd831704204732ac8108fb030064bbdda5d305d93ccd5""}]","[""annual-gap-v1-en-secondary-form3-69-1"",""annual-gap-v1-en-secondary-form3-69-2"",""annual-gap-v1-en-secondary-form3-69-3""]","[""Living world"",""Health education"",""Environment and sustainable development""]","Synthèses et objectifs partiels ; les leçons et ressources détaillées restent à structurer.","DOCUMENTARY_ONLY_LOCAL_TEACHING_NOT_ESTABLISHED","MINESEC_DOCUMENTED_CANDIDATE_NOT_MANDATORY_SUBJECT"
"annual-scope-v1-en-secondary-form3-citizenship-education","en-secondary-form3","Citizenship Education","YEAR","PARTIAL","1","2","0","1","1","[{""id"":""minesec-72"",""url"":""https://files.minesec.gov.cm/4o/CIT._EDUC.-_FORMS_3-5__GENERAL_EDUCATION_(COMPLETE).pdf"",""version"":""6e18dd1a1cc4d83e7a658309c1a34c8bcdb5dce0b4f332b8a5b594e3319afecb""}]","[""annual-gap-v1-en-secondary-form3-72-1"",""annual-gap-v1-en-secondary-form3-72-2"",""annual-gap-v1-en-secondary-form3-72-3""]","[""School environment"",""Family and its environment"",""Administrative organisation of Cameroon""]","Synthèses et objectifs partiels ; les leçons et ressources détaillées restent à structurer.","DOCUMENTARY_ONLY_LOCAL_TEACHING_NOT_ESTABLISHED","MINESEC_DOCUMENTED_CANDIDATE_NOT_MANDATORY_SUBJECT"
"annual-scope-v1-en-secondary-form3-economics","en-secondary-form3","Economics","YEAR","PARTIAL","1","2","0","1","1","[{""id"":""minesec-73"",""url"":""https://files.minesec.gov.cm/4p/ECONS-_FORMS_3-5__GENERAL_EDUCATION_(COMPLETE).pdf"",""version"":""ca49603e09aefb77d62d3ea9a1e2457aa00b70cbb5e2affcea1d7523a2dc35c4""}]","[""annual-gap-v1-en-secondary-form3-73-1"",""annual-gap-v1-en-secondary-form3-73-2"",""annual-gap-v1-en-secondary-form3-73-3""]","[""Resource allocation"",""Resources in production"",""Distribution of goods and services""]","Synthèses et objectifs partiels ; les leçons et ressources détaillées restent à structurer.","DOCUMENTARY_ONLY_LOCAL_TEACHING_NOT_ESTABLISHED","MINESEC_DOCUMENTED_CANDIDATE_NOT_MANDATORY_SUBJECT"
"annual-scope-v1-en-secondary-form3-geography","en-secondary-form3","Geography","YEAR","PARTIAL","1","2","0","1","1","[{""id"":""minesec-74"",""url"":""https://files.minesec.gov.cm/4q/GEOG-_FORMS_3-5__GENERAL_EDUCATION_(COMPLETE).pdf"",""version"":""f67835e8f2d79e316ef88b7bda9327782cff07fb8cb073295473cc90f23f0ac9""}]","[""annual-gap-v1-en-secondary-form3-74-1"",""annual-gap-v1-en-secondary-form3-74-2"",""annual-gap-v1-en-secondary-form3-74-3""]","[""Earth in the universe"",""Natural processes and hazards"",""Weather and climate""]","Synthèses et objectifs partiels ; les leçons et ressources détaillées restent à structurer.","DOCUMENTARY_ONLY_LOCAL_TEACHING_NOT_ESTABLISHED","MINESEC_DOCUMENTED_CANDIDATE_NOT_MANDATORY_SUBJECT"
"annual-scope-v1-en-secondary-form3-history","en-secondary-form3","History","YEAR","PARTIAL","1","1","0","1","1","[{""id"":""minesec-75"",""url"":""https://files.minesec.gov.cm/4r/HIST-_FORMS_3-5__GENERAL_EDUCATION_(COMPLETE).pdf"",""version"":""9ff5c6748ea02b702005191b283f49ab692295c8546e64c2c661e2df1b7f57ad""}]","[""annual-gap-v1-en-secondary-form3-75-1"",""annual-gap-v1-en-secondary-form3-75-2""]","[""European activity and colonisation in Africa"",""First World War and its consequences""]","Synthèses et objectifs partiels ; les leçons et ressources détaillées restent à structurer.","DOCUMENTARY_ONLY_LOCAL_TEACHING_NOT_ESTABLISHED","MINESEC_DOCUMENTED_CANDIDATE_NOT_MANDATORY_SUBJECT"
"annual-scope-v1-en-secondary-form4-mathematics","en-secondary-form4","Mathematics","YEAR","PARTIAL","3","0","0","3","3","[{""id"":""minesec-62"",""url"":""https://files.minesec.gov.cm/4e/Math_syllabus_for_forma_3.pdf"",""version"":""bb223c3a4ca837ba132bc8b766d2c76130c05005be061f6dbcc893dbf56e7676""}]","[""minesec-62-en-secondary-form4-module-1"",""minesec-62-en-secondary-form4-module-2"",""minesec-62-en-secondary-form4-module-3""]","[""Numbers and sets"",""Plane geometry"",""Algebraic reasoning""]","Synthèses et objectifs partiels ; les leçons et ressources détaillées restent à structurer.","DOCUMENTARY_ONLY_LOCAL_TEACHING_NOT_ESTABLISHED","MINESEC_DOCUMENTED_CANDIDATE_NOT_MANDATORY_SUBJECT"
"annual-scope-v1-en-secondary-form4-computer-science","en-secondary-form4","Computer Science","YEAR","PARTIAL","1","1","0","1","1","[{""id"":""minesec-59"",""url"":""https://files.minesec.gov.cm/2z/Computer_Science_Syllabus_F3_4_5.pdf"",""version"":""ae22083710bf694539c1f37d250435670ffb2dc77a33bf4cd264b3d932d70691""}]","[""annual-gap-v1-en-secondary-form4-59-1"",""annual-gap-v1-en-secondary-form4-59-2""]","[""Hardware and maintenance"",""Number systems and software tools""]","Synthèses et objectifs partiels ; les leçons et ressources détaillées restent à structurer.","DOCUMENTARY_ONLY_LOCAL_TEACHING_NOT_ESTABLISHED","MINESEC_DOCUMENTED_CANDIDATE_NOT_MANDATORY_SUBJECT"
"annual-scope-v1-en-secondary-form4-french","en-secondary-form4","French","YEAR","PARTIAL","5","0","1","5","5","[{""id"":""minesec-57"",""url"":""https://files.minesec.gov.cm/2x/FRENCH_AS_SECOND_LANGUAGE_Form_3,__4_et_5_burnable.pdf"",""version"":""9934c5735e1951e6c3a0b101f1e6805423f24798564c68f597d7aafbcfbf4cea""}]","[""annual-gap-v1-en-secondary-form4-57-1"",""annual-gap-v1-en-secondary-form4-57-2"",""annual-gap-v1-en-secondary-form4-57-3"",""annual-gap-v1-en-secondary-form4-57-4"",""annual-gap-v1-en-secondary-form4-57-5""]","[""Vie familiale et intégration"",""Environnement et santé"",""Citoyenneté et ouverture"",""Économie et travail"",""Communication et TIC""]","Synthèses et objectifs partiels ; les leçons et ressources détaillées restent à structurer.","DOCUMENTARY_ONLY_LOCAL_TEACHING_NOT_ESTABLISHED","MINESEC_DOCUMENTED_CANDIDATE_NOT_MANDATORY_SUBJECT"
"annual-scope-v1-en-secondary-form4-physics","en-secondary-form4","Physics","YEAR","PARTIAL","1","0","0","1","1","[{""id"":""minesec-63"",""url"":""https://files.minesec.gov.cm/4f/PHYSICS_teaching__SYLLABUS_FOR_FORM_THREE_TO_FIVE_final.pdf"",""version"":""3bb72390b762a074ba06fbc0e422ec247bb1f55aa0cf247fa7a14e8874b6478e""}]","[""annual-gap-v1-en-secondary-form4-63-opening""]","[""Heat and temperature""]","Synthèses et objectifs partiels ; les leçons et ressources détaillées restent à structurer.","DOCUMENTARY_ONLY_LOCAL_TEACHING_NOT_ESTABLISHED","MINESEC_DOCUMENTED_CANDIDATE_NOT_MANDATORY_SUBJECT"
"annual-scope-v1-en-secondary-form4-chemistry","en-secondary-form4","Chemistry","YEAR","SOURCE_MISSING","0","0","0","0","0","[{""id"":""minesec-64"",""url"":""https://files.minesec.gov.cm/4g/Syllabus_anglophone_chemistry.pdf"",""version"":""b654814a359c3bdb72457884e2d3514b010308a0fe6ebbf13942480c66048443""}]","[]","[]","Source définitive exploitable absente, contradictoire ou projet : voir le registre des pièces.","DOCUMENTARY_ONLY_LOCAL_TEACHING_NOT_ESTABLISHED","MINESEC_DOCUMENTED_CANDIDATE_NOT_MANDATORY_SUBJECT"
"annual-scope-v1-en-secondary-form4-biology","en-secondary-form4","Biology","YEAR","PARTIAL","1","2","0","1","1","[{""id"":""minesec-69"",""url"":""https://files.minesec.gov.cm/4l/BIO_F_3-4-5.pdf"",""version"":""4d77a1caaccd55a78d3dd831704204732ac8108fb030064bbdda5d305d93ccd5""}]","[""annual-gap-v1-en-secondary-form4-69-1"",""annual-gap-v1-en-secondary-form4-69-2"",""annual-gap-v1-en-secondary-form4-69-3""]","[""Living world"",""Health education"",""Environment and sustainable development""]","Synthèses et objectifs partiels ; les leçons et ressources détaillées restent à structurer.","DOCUMENTARY_ONLY_LOCAL_TEACHING_NOT_ESTABLISHED","MINESEC_DOCUMENTED_CANDIDATE_NOT_MANDATORY_SUBJECT"
"annual-scope-v1-en-secondary-form4-citizenship-education","en-secondary-form4","Citizenship Education","YEAR","PARTIAL","1","2","0","1","1","[{""id"":""minesec-72"",""url"":""https://files.minesec.gov.cm/4o/CIT._EDUC.-_FORMS_3-5__GENERAL_EDUCATION_(COMPLETE).pdf"",""version"":""6e18dd1a1cc4d83e7a658309c1a34c8bcdb5dce0b4f332b8a5b594e3319afecb""}]","[""annual-gap-v1-en-secondary-form4-72-1"",""annual-gap-v1-en-secondary-form4-72-2"",""annual-gap-v1-en-secondary-form4-72-3""]","[""Political organisation of Cameroon"",""Social issues"",""Citizenship and the economy""]","Synthèses et objectifs partiels ; les leçons et ressources détaillées restent à structurer.","DOCUMENTARY_ONLY_LOCAL_TEACHING_NOT_ESTABLISHED","MINESEC_DOCUMENTED_CANDIDATE_NOT_MANDATORY_SUBJECT"
"annual-scope-v1-en-secondary-form4-economics","en-secondary-form4","Economics","YEAR","PARTIAL","1","3","0","1","1","[{""id"":""minesec-73"",""url"":""https://files.minesec.gov.cm/4p/ECONS-_FORMS_3-5__GENERAL_EDUCATION_(COMPLETE).pdf"",""version"":""ca49603e09aefb77d62d3ea9a1e2457aa00b70cbb5e2affcea1d7523a2dc35c4""}]","[""annual-gap-v1-en-secondary-form4-73-1"",""annual-gap-v1-en-secondary-form4-73-2"",""annual-gap-v1-en-secondary-form4-73-3"",""annual-gap-v1-en-secondary-form4-73-4""]","[""Business units"",""Population and resources"",""Market interaction"",""Competition""]","Synthèses et objectifs partiels ; les leçons et ressources détaillées restent à structurer.","DOCUMENTARY_ONLY_LOCAL_TEACHING_NOT_ESTABLISHED","MINESEC_DOCUMENTED_CANDIDATE_NOT_MANDATORY_SUBJECT"
"annual-scope-v1-en-secondary-form4-geography","en-secondary-form4","Geography","YEAR","PARTIAL","1","1","0","1","1","[{""id"":""minesec-74"",""url"":""https://files.minesec.gov.cm/4q/GEOG-_FORMS_3-5__GENERAL_EDUCATION_(COMPLETE).pdf"",""version"":""f67835e8f2d79e316ef88b7bda9327782cff07fb8cb073295473cc90f23f0ac9""}]","[""annual-gap-v1-en-secondary-form4-74-1"",""annual-gap-v1-en-secondary-form4-74-2""]","[""Ecological systems and resources"",""Poverty and development""]","Synthèses et objectifs partiels ; les leçons et ressources détaillées restent à structurer.","DOCUMENTARY_ONLY_LOCAL_TEACHING_NOT_ESTABLISHED","MINESEC_DOCUMENTED_CANDIDATE_NOT_MANDATORY_SUBJECT"
"annual-scope-v1-en-secondary-form4-history","en-secondary-form4","History","YEAR","PARTIAL","1","2","0","1","1","[{""id"":""minesec-75"",""url"":""https://files.minesec.gov.cm/4r/HIST-_FORMS_3-5__GENERAL_EDUCATION_(COMPLETE).pdf"",""version"":""9ff5c6748ea02b702005191b283f49ab692295c8546e64c2c661e2df1b7f57ad""}]","[""annual-gap-v1-en-secondary-form4-75-1"",""annual-gap-v1-en-secondary-form4-75-2"",""annual-gap-v1-en-secondary-form4-75-3""]","[""Second World War"",""Independence"",""Reunification""]","Synthèses et objectifs partiels ; les leçons et ressources détaillées restent à structurer.","DOCUMENTARY_ONLY_LOCAL_TEACHING_NOT_ESTABLISHED","MINESEC_DOCUMENTED_CANDIDATE_NOT_MANDATORY_SUBJECT"
"annual-scope-v1-en-secondary-form4-human-biology","en-secondary-form4","Human Biology","YEAR","PARTIAL","1","2","0","1","1","[{""id"":""minesec-71"",""url"":""https://files.minesec.gov.cm/4n/HBIO_F_4_&_5.pdf"",""version"":""aadb075970d56bbb40f58024e210b7a636fbc4d335f68163b76aa003c8b16e4f""}]","[""annual-gap-v1-en-secondary-form4-71-1"",""annual-gap-v1-en-secondary-form4-71-2"",""annual-gap-v1-en-secondary-form4-71-3""]","[""Living world — human biology"",""Health education"",""Environment and sustainable development""]","Synthèses et objectifs partiels ; les leçons et ressources détaillées restent à structurer.","DOCUMENTARY_ONLY_LOCAL_TEACHING_NOT_ESTABLISHED","MINESEC_DOCUMENTED_CANDIDATE_NOT_MANDATORY_SUBJECT"
"annual-scope-v1-en-secondary-form4-geology","en-secondary-form4","Geology","YEAR","PARTIAL","1","2","0","1","1","[{""id"":""minesec-70"",""url"":""https://files.minesec.gov.cm/4m/GEOL_F3_&_4.pdf"",""version"":""f55383d8a59554e60adde5b1d0a87d62a2cfd54d209bc7532f1ed2c9f9b94c8c""}]","[""annual-gap-v1-en-secondary-form4-70-1"",""annual-gap-v1-en-secondary-form4-70-2"",""annual-gap-v1-en-secondary-form4-70-3""]","[""Internal geodynamic processes"",""External geodynamic processes"",""Applied and environmental geology""]","Synthèses et objectifs partiels ; les leçons et ressources détaillées restent à structurer.","DOCUMENTARY_ONLY_LOCAL_TEACHING_NOT_ESTABLISHED","MINESEC_DOCUMENTED_CANDIDATE_NOT_MANDATORY_SUBJECT"
"annual-scope-v1-en-secondary-form5-mathematics","en-secondary-form5","Mathematics","YEAR","PARTIAL","3","0","0","3","3","[{""id"":""minesec-62"",""url"":""https://files.minesec.gov.cm/4e/Math_syllabus_for_forma_3.pdf"",""version"":""bb223c3a4ca837ba132bc8b766d2c76130c05005be061f6dbcc893dbf56e7676""}]","[""minesec-62-en-secondary-form5-module-1"",""minesec-62-en-secondary-form5-module-2"",""minesec-62-en-secondary-form5-module-3""]","[""Plane geometry"",""Solid shapes"",""Data and probability""]","Synthèses et objectifs partiels ; les leçons et ressources détaillées restent à structurer.","DOCUMENTARY_ONLY_LOCAL_TEACHING_NOT_ESTABLISHED","MINESEC_DOCUMENTED_CANDIDATE_NOT_MANDATORY_SUBJECT"
"annual-scope-v1-en-secondary-form5-computer-science","en-secondary-form5","Computer Science","YEAR","PARTIAL","1","2","0","1","1","[{""id"":""minesec-59"",""url"":""https://files.minesec.gov.cm/2z/Computer_Science_Syllabus_F3_4_5.pdf"",""version"":""ae22083710bf694539c1f37d250435670ffb2dc77a33bf4cd264b3d932d70691""}]","[""annual-gap-v1-en-secondary-form5-59-1"",""annual-gap-v1-en-secondary-form5-59-2"",""annual-gap-v1-en-secondary-form5-59-3""]","[""Information systems and data"",""Technology, society and people"",""Software development projects""]","Synthèses et objectifs partiels ; les leçons et ressources détaillées restent à structurer.","DOCUMENTARY_ONLY_LOCAL_TEACHING_NOT_ESTABLISHED","MINESEC_DOCUMENTED_CANDIDATE_NOT_MANDATORY_SUBJECT"
"annual-scope-v1-en-secondary-form5-french","en-secondary-form5","French","YEAR","PARTIAL","5","0","1","5","5","[{""id"":""minesec-57"",""url"":""https://files.minesec.gov.cm/2x/FRENCH_AS_SECOND_LANGUAGE_Form_3,__4_et_5_burnable.pdf"",""version"":""9934c5735e1951e6c3a0b101f1e6805423f24798564c68f597d7aafbcfbf4cea""}]","[""annual-gap-v1-en-secondary-form5-57-1"",""annual-gap-v1-en-secondary-form5-57-2"",""annual-gap-v1-en-secondary-form5-57-3"",""annual-gap-v1-en-secondary-form5-57-4"",""annual-gap-v1-en-secondary-form5-57-5""]","[""Vie familiale et intégration"",""Environnement et santé"",""Citoyenneté et ouverture"",""Économie et travail"",""Communication et TIC""]","Synthèses et objectifs partiels ; les leçons et ressources détaillées restent à structurer.","DOCUMENTARY_ONLY_LOCAL_TEACHING_NOT_ESTABLISHED","MINESEC_DOCUMENTED_CANDIDATE_NOT_MANDATORY_SUBJECT"
"annual-scope-v1-en-secondary-form5-physics","en-secondary-form5","Physics","YEAR","PARTIAL","1","0","0","1","1","[{""id"":""minesec-63"",""url"":""https://files.minesec.gov.cm/4f/PHYSICS_teaching__SYLLABUS_FOR_FORM_THREE_TO_FIVE_final.pdf"",""version"":""3bb72390b762a074ba06fbc0e422ec247bb1f55aa0cf247fa7a14e8874b6478e""}]","[""annual-gap-v1-en-secondary-form5-63-opening""]","[""Magnetic fields""]","Synthèses et objectifs partiels ; les leçons et ressources détaillées restent à structurer.","DOCUMENTARY_ONLY_LOCAL_TEACHING_NOT_ESTABLISHED","MINESEC_DOCUMENTED_CANDIDATE_NOT_MANDATORY_SUBJECT"
"annual-scope-v1-en-secondary-form5-chemistry","en-secondary-form5","Chemistry","YEAR","SOURCE_MISSING","0","0","0","0","0","[{""id"":""minesec-64"",""url"":""https://files.minesec.gov.cm/4g/Syllabus_anglophone_chemistry.pdf"",""version"":""b654814a359c3bdb72457884e2d3514b010308a0fe6ebbf13942480c66048443""}]","[]","[]","Source définitive exploitable absente, contradictoire ou projet : voir le registre des pièces.","DOCUMENTARY_ONLY_LOCAL_TEACHING_NOT_ESTABLISHED","MINESEC_DOCUMENTED_CANDIDATE_NOT_MANDATORY_SUBJECT"
"annual-scope-v1-en-secondary-form5-biology","en-secondary-form5","Biology","YEAR","PARTIAL","1","2","0","1","1","[{""id"":""minesec-69"",""url"":""https://files.minesec.gov.cm/4l/BIO_F_3-4-5.pdf"",""version"":""4d77a1caaccd55a78d3dd831704204732ac8108fb030064bbdda5d305d93ccd5""}]","[""annual-gap-v1-en-secondary-form5-69-1"",""annual-gap-v1-en-secondary-form5-69-2"",""annual-gap-v1-en-secondary-form5-69-3""]","[""Living world"",""Health education"",""Environment and sustainable development""]","Synthèses et objectifs partiels ; les leçons et ressources détaillées restent à structurer.","DOCUMENTARY_ONLY_LOCAL_TEACHING_NOT_ESTABLISHED","MINESEC_DOCUMENTED_CANDIDATE_NOT_MANDATORY_SUBJECT"
"annual-scope-v1-en-secondary-form5-citizenship-education","en-secondary-form5","Citizenship Education","YEAR","PARTIAL","1","3","0","1","1","[{""id"":""minesec-72"",""url"":""https://files.minesec.gov.cm/4o/CIT._EDUC.-_FORMS_3-5__GENERAL_EDUCATION_(COMPLETE).pdf"",""version"":""6e18dd1a1cc4d83e7a658309c1a34c8bcdb5dce0b4f332b8a5b594e3319afecb""}]","[""annual-gap-v1-en-secondary-form5-72-1"",""annual-gap-v1-en-secondary-form5-72-2"",""annual-gap-v1-en-secondary-form5-72-3"",""annual-gap-v1-en-secondary-form5-72-4""]","[""Human rights"",""Peace and conflict resolution"",""Gender and minority rights"",""Global concerns""]","Synthèses et objectifs partiels ; les leçons et ressources détaillées restent à structurer.","DOCUMENTARY_ONLY_LOCAL_TEACHING_NOT_ESTABLISHED","MINESEC_DOCUMENTED_CANDIDATE_NOT_MANDATORY_SUBJECT"
"annual-scope-v1-en-secondary-form5-economics","en-secondary-form5","Economics","YEAR","PARTIAL","1","4","0","1","1","[{""id"":""minesec-73"",""url"":""https://files.minesec.gov.cm/4p/ECONS-_FORMS_3-5__GENERAL_EDUCATION_(COMPLETE).pdf"",""version"":""ca49603e09aefb77d62d3ea9a1e2457aa00b70cbb5e2affcea1d7523a2dc35c4""}]","[""annual-gap-v1-en-secondary-form5-73-1"",""annual-gap-v1-en-secondary-form5-73-2"",""annual-gap-v1-en-secondary-form5-73-3"",""annual-gap-v1-en-secondary-form5-73-4"",""annual-gap-v1-en-secondary-form5-73-5""]","[""Financial operations"",""Public finance"",""International trade"",""National income"",""Development and employment""]","Synthèses et objectifs partiels ; les leçons et ressources détaillées restent à structurer.","DOCUMENTARY_ONLY_LOCAL_TEACHING_NOT_ESTABLISHED","MINESEC_DOCUMENTED_CANDIDATE_NOT_MANDATORY_SUBJECT"
"annual-scope-v1-en-secondary-form5-geography","en-secondary-form5","Geography","YEAR","PARTIAL","1","0","0","1","1","[{""id"":""minesec-74"",""url"":""https://files.minesec.gov.cm/4q/GEOG-_FORMS_3-5__GENERAL_EDUCATION_(COMPLETE).pdf"",""version"":""f67835e8f2d79e316ef88b7bda9327782cff07fb8cb073295473cc90f23f0ac9""}]","[""annual-gap-v1-en-secondary-form5-74-1""]","[""Poverty and development""]","Synthèses et objectifs partiels ; les leçons et ressources détaillées restent à structurer.","DOCUMENTARY_ONLY_LOCAL_TEACHING_NOT_ESTABLISHED","MINESEC_DOCUMENTED_CANDIDATE_NOT_MANDATORY_SUBJECT"
"annual-scope-v1-en-secondary-form5-history","en-secondary-form5","History","YEAR","PARTIAL","1","2","0","1","1","[{""id"":""minesec-75"",""url"":""https://files.minesec.gov.cm/4r/HIST-_FORMS_3-5__GENERAL_EDUCATION_(COMPLETE).pdf"",""version"":""9ff5c6748ea02b702005191b283f49ab692295c8546e64c2c661e2df1b7f57ad""}]","[""annual-gap-v1-en-secondary-form5-75-1"",""annual-gap-v1-en-secondary-form5-75-2"",""annual-gap-v1-en-secondary-form5-75-3""]","[""Decolonisation and instability"",""Economic development and regional integration"",""International relations and organisations""]","Synthèses et objectifs partiels ; les leçons et ressources détaillées restent à structurer.","DOCUMENTARY_ONLY_LOCAL_TEACHING_NOT_ESTABLISHED","MINESEC_DOCUMENTED_CANDIDATE_NOT_MANDATORY_SUBJECT"
"annual-scope-v1-en-secondary-form5-human-biology","en-secondary-form5","Human Biology","YEAR","PARTIAL","1","2","0","1","1","[{""id"":""minesec-71"",""url"":""https://files.minesec.gov.cm/4n/HBIO_F_4_&_5.pdf"",""version"":""aadb075970d56bbb40f58024e210b7a636fbc4d335f68163b76aa003c8b16e4f""}]","[""annual-gap-v1-en-secondary-form5-71-1"",""annual-gap-v1-en-secondary-form5-71-2"",""annual-gap-v1-en-secondary-form5-71-3""]","[""Living world — human biology"",""Health education"",""Environment and sustainable development""]","Synthèses et objectifs partiels ; les leçons et ressources détaillées restent à structurer.","DOCUMENTARY_ONLY_LOCAL_TEACHING_NOT_ESTABLISHED","MINESEC_DOCUMENTED_CANDIDATE_NOT_MANDATORY_SUBJECT"
"annual-scope-v1-en-secondary-form5-geology","en-secondary-form5","Geology","YEAR","PARTIAL","1","2","0","1","1","[{""id"":""minesec-70"",""url"":""https://files.minesec.gov.cm/4m/GEOL_F3_&_4.pdf"",""version"":""f55383d8a59554e60adde5b1d0a87d62a2cfd54d209bc7532f1ed2c9f9b94c8c""}]","[""annual-gap-v1-en-secondary-form5-70-1"",""annual-gap-v1-en-secondary-form5-70-2"",""annual-gap-v1-en-secondary-form5-70-3""]","[""Internal geodynamic processes"",""External geodynamic processes"",""Applied and environmental geology""]","Synthèses et objectifs partiels ; les leçons et ressources détaillées restent à structurer.","DOCUMENTARY_ONLY_LOCAL_TEACHING_NOT_ESTABLISHED","MINESEC_DOCUMENTED_CANDIDATE_NOT_MANDATORY_SUBJECT"
"annual-scope-v1-en-secondary-lower-sixth-english-language","en-secondary-lower-sixth","English Language","YEAR","PARTIAL","1","0","0","1","1","[{""id"":""minesec-289"",""url"":""https://files.minesec.gov.cm/AV/ANNEXE_1_Arrêté_90-22_PROG_ENGLISH_LANGUAGE_ANGLOPHONE_GENERAL_LOWER_AND_UPPER_SIXTH_CLASSES.pdf"",""version"":""e2e4b344e01415b87a34ec96baab90a91e6067cf24ea9802d33ee80f3d36529c""}]","[""annual-gap-v1-en-secondary-lower-sixth-289-shared""]","[""Listening"",""Speaking"",""Reading"",""Writing""]","Synthèses et objectifs partiels ; les leçons et ressources détaillées restent à structurer.","DOCUMENTARY_ONLY_LOCAL_TEACHING_NOT_ESTABLISHED","MINESEC_DOCUMENTED_CANDIDATE_NOT_MANDATORY_SUBJECT"
"annual-scope-v1-en-secondary-lower-sixth-literature-in-english","en-secondary-lower-sixth","Literature in English","YEAR","PARTIAL","1","0","0","1","1","[{""id"":""minesec-290"",""url"":""https://files.minesec.gov.cm/AW/ANNEXE_2_Arrêté_90-22_PROG_LITTERATURE_IN_ENGLISH_SYLLABUS_ANGLOPHONE_GENERAL_LOWER_AND_UPPER_SIXTH.pdf"",""version"":""9f4e07834bf396fa134ef57f0f8bb734b9efc81cb8ac648d5f5e43547720a925""}]","[""annual-gap-v1-en-secondary-lower-sixth-290-shared""]","[""Literary interpretation"",""Language effects"",""Personal response""]","Synthèses et objectifs partiels ; les leçons et ressources détaillées restent à structurer.","DOCUMENTARY_ONLY_LOCAL_TEACHING_NOT_ESTABLISHED","MINESEC_DOCUMENTED_CANDIDATE_NOT_MANDATORY_SUBJECT"
"annual-scope-v1-en-secondary-lower-sixth-computer-science","en-secondary-lower-sixth","Computer Science","YEAR","SOURCE_MISSING","0","0","0","0","0","[{""id"":""minesec-15"",""url"":""https://files.minesec.gov.cm/1R/CS_Syllabus_Working_Draft_25-082020.pdf"",""version"":""eaba2cf11cae6b840561375b2929359003588c0e16263cb592afa38bac3cdbda""}]","[]","[]","Source définitive exploitable absente, contradictoire ou projet : voir le registre des pièces.","DOCUMENTARY_ONLY_LOCAL_TEACHING_NOT_ESTABLISHED","MINESEC_DOCUMENTED_CANDIDATE_NOT_MANDATORY_SUBJECT"
"annual-scope-v1-en-secondary-lower-sixth-information-and-communication-technology","en-secondary-lower-sixth","Information and Communication Technology","YEAR","SOURCE_MISSING","0","0","0","0","0","[{""id"":""minesec-16"",""url"":""https://files.minesec.gov.cm/1S/ICT_Syllabus_Working_Draft_25-082020.pdf"",""version"":""5f960641ad579d8427d8dbe74ab9e743f3a036028aac9fdb4a7e1948fc37ac7f""}]","[]","[]","Source définitive exploitable absente, contradictoire ou projet : voir le registre des pièces.","DOCUMENTARY_ONLY_LOCAL_TEACHING_NOT_ESTABLISHED","MINESEC_DOCUMENTED_CANDIDATE_NOT_MANDATORY_SUBJECT"
"annual-scope-v1-en-secondary-upper-sixth-english-language","en-secondary-upper-sixth","English Language","YEAR","PARTIAL","1","0","0","1","1","[{""id"":""minesec-289"",""url"":""https://files.minesec.gov.cm/AV/ANNEXE_1_Arrêté_90-22_PROG_ENGLISH_LANGUAGE_ANGLOPHONE_GENERAL_LOWER_AND_UPPER_SIXTH_CLASSES.pdf"",""version"":""e2e4b344e01415b87a34ec96baab90a91e6067cf24ea9802d33ee80f3d36529c""}]","[""annual-gap-v1-en-secondary-upper-sixth-289-shared""]","[""Listening"",""Speaking"",""Reading"",""Writing""]","Synthèses et objectifs partiels ; les leçons et ressources détaillées restent à structurer.","DOCUMENTARY_ONLY_LOCAL_TEACHING_NOT_ESTABLISHED","MINESEC_DOCUMENTED_CANDIDATE_NOT_MANDATORY_SUBJECT"
"annual-scope-v1-en-secondary-upper-sixth-literature-in-english","en-secondary-upper-sixth","Literature in English","YEAR","PARTIAL","1","0","0","1","1","[{""id"":""minesec-290"",""url"":""https://files.minesec.gov.cm/AW/ANNEXE_2_Arrêté_90-22_PROG_LITTERATURE_IN_ENGLISH_SYLLABUS_ANGLOPHONE_GENERAL_LOWER_AND_UPPER_SIXTH.pdf"",""version"":""9f4e07834bf396fa134ef57f0f8bb734b9efc81cb8ac648d5f5e43547720a925""}]","[""annual-gap-v1-en-secondary-upper-sixth-290-shared""]","[""Literary interpretation"",""Language effects"",""Personal response""]","Synthèses et objectifs partiels ; les leçons et ressources détaillées restent à structurer.","DOCUMENTARY_ONLY_LOCAL_TEACHING_NOT_ESTABLISHED","MINESEC_DOCUMENTED_CANDIDATE_NOT_MANDATORY_SUBJECT"
"annual-scope-v1-en-secondary-upper-sixth-computer-science","en-secondary-upper-sixth","Computer Science","YEAR","SOURCE_MISSING","0","0","0","0","0","[{""id"":""minesec-15"",""url"":""https://files.minesec.gov.cm/1R/CS_Syllabus_Working_Draft_25-082020.pdf"",""version"":""eaba2cf11cae6b840561375b2929359003588c0e16263cb592afa38bac3cdbda""}]","[]","[]","Source définitive exploitable absente, contradictoire ou projet : voir le registre des pièces.","DOCUMENTARY_ONLY_LOCAL_TEACHING_NOT_ESTABLISHED","MINESEC_DOCUMENTED_CANDIDATE_NOT_MANDATORY_SUBJECT"
"annual-scope-v1-en-secondary-upper-sixth-information-and-communication-technology","en-secondary-upper-sixth","Information and Communication Technology","YEAR","SOURCE_MISSING","0","0","0","0","0","[{""id"":""minesec-16"",""url"":""https://files.minesec.gov.cm/1S/ICT_Syllabus_Working_Draft_25-082020.pdf"",""version"":""5f960641ad579d8427d8dbe74ab9e743f3a036028aac9fdb4a7e1948fc37ac7f""}]","[]","[]","Source définitive exploitable absente, contradictoire ou projet : voir le registre des pièces.","DOCUMENTARY_ONLY_LOCAL_TEACHING_NOT_ESTABLISHED","MINESEC_DOCUMENTED_CANDIDATE_NOT_MANDATORY_SUBJECT"
"annual-scope-v1-fr-secondary-6e-francais","fr-secondary-6e","Français","YEAR","SOURCE_MISSING","0","0","0","0","0","[]","[]","[]","Lacune du bilan documentaire : programme exact authentifié non retrouvé. Ni un manuel, ni une progression tierce ne remplace le syllabus.","DOCUMENTARY_ONLY_LOCAL_TEACHING_NOT_ESTABLISHED","ESTABLISHED_DOCUMENTARY_GAP_NOT_LOCAL_REQUIREMENT"
"annual-scope-v1-fr-secondary-6e-anglais","fr-secondary-6e","Anglais","YEAR","SOURCE_MISSING","0","0","0","0","0","[]","[]","[]","Lacune du bilan documentaire : programme exact authentifié non retrouvé. Ni un manuel, ni une progression tierce ne remplace le syllabus.","DOCUMENTARY_ONLY_LOCAL_TEACHING_NOT_ESTABLISHED","ESTABLISHED_DOCUMENTARY_GAP_NOT_LOCAL_REQUIREMENT"
"annual-scope-v1-fr-secondary-6e-education-physique-et-sportive","fr-secondary-6e","Éducation physique et sportive","YEAR","SOURCE_MISSING","0","0","0","0","0","[]","[]","[]","Lacune du bilan documentaire : programme exact authentifié non retrouvé. Ni un manuel, ni une progression tierce ne remplace le syllabus.","DOCUMENTARY_ONLY_LOCAL_TEACHING_NOT_ESTABLISHED","ESTABLISHED_DOCUMENTARY_GAP_NOT_LOCAL_REQUIREMENT"
"annual-scope-v1-fr-secondary-6e-travail-manuel","fr-secondary-6e","Travail manuel","YEAR","SOURCE_MISSING","0","0","0","0","0","[]","[]","[]","Lacune du bilan documentaire : programme exact authentifié non retrouvé. Ni un manuel, ni une progression tierce ne remplace le syllabus.","DOCUMENTARY_ONLY_LOCAL_TEACHING_NOT_ESTABLISHED","ESTABLISHED_DOCUMENTARY_GAP_NOT_LOCAL_REQUIREMENT"
"annual-scope-v1-fr-secondary-5e-francais","fr-secondary-5e","Français","YEAR","SOURCE_MISSING","0","0","0","0","0","[]","[]","[]","Lacune du bilan documentaire : programme exact authentifié non retrouvé. Ni un manuel, ni une progression tierce ne remplace le syllabus.","DOCUMENTARY_ONLY_LOCAL_TEACHING_NOT_ESTABLISHED","ESTABLISHED_DOCUMENTARY_GAP_NOT_LOCAL_REQUIREMENT"
"annual-scope-v1-fr-secondary-5e-anglais","fr-secondary-5e","Anglais","YEAR","SOURCE_MISSING","0","0","0","0","0","[]","[]","[]","Lacune du bilan documentaire : programme exact authentifié non retrouvé. Ni un manuel, ni une progression tierce ne remplace le syllabus.","DOCUMENTARY_ONLY_LOCAL_TEACHING_NOT_ESTABLISHED","ESTABLISHED_DOCUMENTARY_GAP_NOT_LOCAL_REQUIREMENT"
"annual-scope-v1-fr-secondary-5e-education-physique-et-sportive","fr-secondary-5e","Éducation physique et sportive","YEAR","SOURCE_MISSING","0","0","0","0","0","[]","[]","[]","Lacune du bilan documentaire : programme exact authentifié non retrouvé. Ni un manuel, ni une progression tierce ne remplace le syllabus.","DOCUMENTARY_ONLY_LOCAL_TEACHING_NOT_ESTABLISHED","ESTABLISHED_DOCUMENTARY_GAP_NOT_LOCAL_REQUIREMENT"
"annual-scope-v1-fr-secondary-5e-travail-manuel","fr-secondary-5e","Travail manuel","YEAR","SOURCE_MISSING","0","0","0","0","0","[]","[]","[]","Lacune du bilan documentaire : programme exact authentifié non retrouvé. Ni un manuel, ni une progression tierce ne remplace le syllabus.","DOCUMENTARY_ONLY_LOCAL_TEACHING_NOT_ESTABLISHED","ESTABLISHED_DOCUMENTARY_GAP_NOT_LOCAL_REQUIREMENT"
"annual-scope-v1-fr-secondary-4e-pct","fr-secondary-4e","PCT","YEAR","SOURCE_MISSING","0","0","0","0","0","[]","[]","[]","Lacune du bilan documentaire : programme exact authentifié non retrouvé. Ni un manuel, ni une progression tierce ne remplace le syllabus.","DOCUMENTARY_ONLY_LOCAL_TEACHING_NOT_ESTABLISHED","ESTABLISHED_DOCUMENTARY_GAP_NOT_LOCAL_REQUIREMENT"
"annual-scope-v1-fr-secondary-4e-svt","fr-secondary-4e","SVT","YEAR","SOURCE_MISSING","0","0","0","0","0","[]","[]","[]","Lacune du bilan documentaire : programme exact authentifié non retrouvé. Ni un manuel, ni une progression tierce ne remplace le syllabus.","DOCUMENTARY_ONLY_LOCAL_TEACHING_NOT_ESTABLISHED","ESTABLISHED_DOCUMENTARY_GAP_NOT_LOCAL_REQUIREMENT"
"annual-scope-v1-fr-secondary-4e-informatique","fr-secondary-4e","Informatique","YEAR","SOURCE_MISSING","0","0","0","0","0","[]","[]","[]","Lacune du bilan documentaire : programme exact authentifié non retrouvé. Ni un manuel, ni une progression tierce ne remplace le syllabus.","DOCUMENTARY_ONLY_LOCAL_TEACHING_NOT_ESTABLISHED","ESTABLISHED_DOCUMENTARY_GAP_NOT_LOCAL_REQUIREMENT"
"annual-scope-v1-fr-secondary-4e-education-physique-et-sportive","fr-secondary-4e","Éducation physique et sportive","YEAR","SOURCE_MISSING","0","0","0","0","0","[]","[]","[]","Lacune du bilan documentaire : programme exact authentifié non retrouvé. Ni un manuel, ni une progression tierce ne remplace le syllabus.","DOCUMENTARY_ONLY_LOCAL_TEACHING_NOT_ESTABLISHED","ESTABLISHED_DOCUMENTARY_GAP_NOT_LOCAL_REQUIREMENT"
"annual-scope-v1-fr-secondary-3e-pct","fr-secondary-3e","PCT","YEAR","SOURCE_MISSING","0","0","0","0","0","[]","[]","[]","Lacune du bilan documentaire : programme exact authentifié non retrouvé. Ni un manuel, ni une progression tierce ne remplace le syllabus.","DOCUMENTARY_ONLY_LOCAL_TEACHING_NOT_ESTABLISHED","ESTABLISHED_DOCUMENTARY_GAP_NOT_LOCAL_REQUIREMENT"
"annual-scope-v1-fr-secondary-3e-svt","fr-secondary-3e","SVT","YEAR","SOURCE_MISSING","0","0","0","0","0","[]","[]","[]","Lacune du bilan documentaire : programme exact authentifié non retrouvé. Ni un manuel, ni une progression tierce ne remplace le syllabus.","DOCUMENTARY_ONLY_LOCAL_TEACHING_NOT_ESTABLISHED","ESTABLISHED_DOCUMENTARY_GAP_NOT_LOCAL_REQUIREMENT"
"annual-scope-v1-fr-secondary-3e-informatique","fr-secondary-3e","Informatique","YEAR","SOURCE_MISSING","0","0","0","0","0","[]","[]","[]","Lacune du bilan documentaire : programme exact authentifié non retrouvé. Ni un manuel, ni une progression tierce ne remplace le syllabus.","DOCUMENTARY_ONLY_LOCAL_TEACHING_NOT_ESTABLISHED","ESTABLISHED_DOCUMENTARY_GAP_NOT_LOCAL_REQUIREMENT"
"annual-scope-v1-fr-secondary-3e-education-physique-et-sportive","fr-secondary-3e","Éducation physique et sportive","YEAR","SOURCE_MISSING","0","0","0","0","0","[]","[]","[]","Lacune du bilan documentaire : programme exact authentifié non retrouvé. Ni un manuel, ni une progression tierce ne remplace le syllabus.","DOCUMENTARY_ONLY_LOCAL_TEACHING_NOT_ESTABLISHED","ESTABLISHED_DOCUMENTARY_GAP_NOT_LOCAL_REQUIREMENT"
"annual-scope-v1-en-secondary-form1-chemistry","en-secondary-form1","Chemistry","YEAR","SOURCE_MISSING","0","0","0","0","0","[]","[]","[]","Lacune du bilan documentaire : programme exact authentifié non retrouvé. Ni un manuel, ni une progression tierce ne remplace le syllabus.","DOCUMENTARY_ONLY_LOCAL_TEACHING_NOT_ESTABLISHED","ESTABLISHED_DOCUMENTARY_GAP_NOT_LOCAL_REQUIREMENT"
"annual-scope-v1-en-secondary-form1-english-language","en-secondary-form1","English Language","YEAR","SOURCE_MISSING","0","0","0","0","0","[]","[]","[]","Lacune du bilan documentaire : programme exact authentifié non retrouvé. Ni un manuel, ni une progression tierce ne remplace le syllabus.","DOCUMENTARY_ONLY_LOCAL_TEACHING_NOT_ESTABLISHED","ESTABLISHED_DOCUMENTARY_GAP_NOT_LOCAL_REQUIREMENT"
"annual-scope-v1-en-secondary-form1-french","en-secondary-form1","French","YEAR","SOURCE_MISSING","0","0","0","0","0","[]","[]","[]","Lacune du bilan documentaire : programme exact authentifié non retrouvé. Ni un manuel, ni une progression tierce ne remplace le syllabus.","DOCUMENTARY_ONLY_LOCAL_TEACHING_NOT_ESTABLISHED","ESTABLISHED_DOCUMENTARY_GAP_NOT_LOCAL_REQUIREMENT"
"annual-scope-v1-en-secondary-form1-geography","en-secondary-form1","Geography","YEAR","SOURCE_MISSING","0","0","0","0","0","[]","[]","[]","Lacune du bilan documentaire : programme exact authentifié non retrouvé. Ni un manuel, ni une progression tierce ne remplace le syllabus.","DOCUMENTARY_ONLY_LOCAL_TEACHING_NOT_ESTABLISHED","ESTABLISHED_DOCUMENTARY_GAP_NOT_LOCAL_REQUIREMENT"
"annual-scope-v1-en-secondary-form1-history","en-secondary-form1","History","YEAR","SOURCE_MISSING","0","0","0","0","0","[]","[]","[]","Lacune du bilan documentaire : programme exact authentifié non retrouvé. Ni un manuel, ni une progression tierce ne remplace le syllabus.","DOCUMENTARY_ONLY_LOCAL_TEACHING_NOT_ESTABLISHED","ESTABLISHED_DOCUMENTARY_GAP_NOT_LOCAL_REQUIREMENT"
"annual-scope-v1-en-secondary-form1-citizenship","en-secondary-form1","Citizenship","YEAR","SOURCE_MISSING","0","0","0","0","0","[]","[]","[]","Lacune du bilan documentaire : programme exact authentifié non retrouvé. Ni un manuel, ni une progression tierce ne remplace le syllabus.","DOCUMENTARY_ONLY_LOCAL_TEACHING_NOT_ESTABLISHED","ESTABLISHED_DOCUMENTARY_GAP_NOT_LOCAL_REQUIREMENT"
"annual-scope-v1-en-secondary-form2-chemistry","en-secondary-form2","Chemistry","YEAR","SOURCE_MISSING","0","0","0","0","0","[]","[]","[]","Lacune du bilan documentaire : programme exact authentifié non retrouvé. Ni un manuel, ni une progression tierce ne remplace le syllabus.","DOCUMENTARY_ONLY_LOCAL_TEACHING_NOT_ESTABLISHED","ESTABLISHED_DOCUMENTARY_GAP_NOT_LOCAL_REQUIREMENT"
"annual-scope-v1-en-secondary-form2-english-language","en-secondary-form2","English Language","YEAR","SOURCE_MISSING","0","0","0","0","0","[]","[]","[]","Lacune du bilan documentaire : programme exact authentifié non retrouvé. Ni un manuel, ni une progression tierce ne remplace le syllabus.","DOCUMENTARY_ONLY_LOCAL_TEACHING_NOT_ESTABLISHED","ESTABLISHED_DOCUMENTARY_GAP_NOT_LOCAL_REQUIREMENT"
"annual-scope-v1-en-secondary-form2-french","en-secondary-form2","French","YEAR","SOURCE_MISSING","0","0","0","0","0","[]","[]","[]","Lacune du bilan documentaire : programme exact authentifié non retrouvé. Ni un manuel, ni une progression tierce ne remplace le syllabus.","DOCUMENTARY_ONLY_LOCAL_TEACHING_NOT_ESTABLISHED","ESTABLISHED_DOCUMENTARY_GAP_NOT_LOCAL_REQUIREMENT"
"annual-scope-v1-en-secondary-form2-geography","en-secondary-form2","Geography","YEAR","SOURCE_MISSING","0","0","0","0","0","[]","[]","[]","Lacune du bilan documentaire : programme exact authentifié non retrouvé. Ni un manuel, ni une progression tierce ne remplace le syllabus.","DOCUMENTARY_ONLY_LOCAL_TEACHING_NOT_ESTABLISHED","ESTABLISHED_DOCUMENTARY_GAP_NOT_LOCAL_REQUIREMENT"
"annual-scope-v1-en-secondary-form2-history","en-secondary-form2","History","YEAR","SOURCE_MISSING","0","0","0","0","0","[]","[]","[]","Lacune du bilan documentaire : programme exact authentifié non retrouvé. Ni un manuel, ni une progression tierce ne remplace le syllabus.","DOCUMENTARY_ONLY_LOCAL_TEACHING_NOT_ESTABLISHED","ESTABLISHED_DOCUMENTARY_GAP_NOT_LOCAL_REQUIREMENT"
"annual-scope-v1-en-secondary-form2-citizenship","en-secondary-form2","Citizenship","YEAR","SOURCE_MISSING","0","0","0","0","0","[]","[]","[]","Lacune du bilan documentaire : programme exact authentifié non retrouvé. Ni un manuel, ni une progression tierce ne remplace le syllabus.","DOCUMENTARY_ONLY_LOCAL_TEACHING_NOT_ESTABLISHED","ESTABLISHED_DOCUMENTARY_GAP_NOT_LOCAL_REQUIREMENT"
"annual-scope-v1-en-secondary-form3-english-language","en-secondary-form3","English Language","YEAR","SOURCE_MISSING","0","0","0","0","0","[]","[]","[]","Lacune du bilan documentaire : programme exact authentifié non retrouvé. Ni un manuel, ni une progression tierce ne remplace le syllabus.","DOCUMENTARY_ONLY_LOCAL_TEACHING_NOT_ESTABLISHED","ESTABLISHED_DOCUMENTARY_GAP_NOT_LOCAL_REQUIREMENT"
"annual-scope-v1-en-secondary-form3-literature-in-english","en-secondary-form3","Literature in English","YEAR","SOURCE_MISSING","0","0","0","0","0","[]","[]","[]","Lacune du bilan documentaire : programme exact authentifié non retrouvé. Ni un manuel, ni une progression tierce ne remplace le syllabus.","DOCUMENTARY_ONLY_LOCAL_TEACHING_NOT_ESTABLISHED","ESTABLISHED_DOCUMENTARY_GAP_NOT_LOCAL_REQUIREMENT"
"annual-scope-v1-en-secondary-form4-english-language","en-secondary-form4","English Language","YEAR","SOURCE_MISSING","0","0","0","0","0","[]","[]","[]","Lacune du bilan documentaire : programme exact authentifié non retrouvé. Ni un manuel, ni une progression tierce ne remplace le syllabus.","DOCUMENTARY_ONLY_LOCAL_TEACHING_NOT_ESTABLISHED","ESTABLISHED_DOCUMENTARY_GAP_NOT_LOCAL_REQUIREMENT"
"annual-scope-v1-en-secondary-form4-literature-in-english","en-secondary-form4","Literature in English","YEAR","SOURCE_MISSING","0","0","0","0","0","[]","[]","[]","Lacune du bilan documentaire : programme exact authentifié non retrouvé. Ni un manuel, ni une progression tierce ne remplace le syllabus.","DOCUMENTARY_ONLY_LOCAL_TEACHING_NOT_ESTABLISHED","ESTABLISHED_DOCUMENTARY_GAP_NOT_LOCAL_REQUIREMENT"
"annual-scope-v1-en-secondary-form5-english-language","en-secondary-form5","English Language","YEAR","SOURCE_MISSING","0","0","0","0","0","[]","[]","[]","Lacune du bilan documentaire : programme exact authentifié non retrouvé. Ni un manuel, ni une progression tierce ne remplace le syllabus.","DOCUMENTARY_ONLY_LOCAL_TEACHING_NOT_ESTABLISHED","ESTABLISHED_DOCUMENTARY_GAP_NOT_LOCAL_REQUIREMENT"
"annual-scope-v1-en-secondary-form5-literature-in-english","en-secondary-form5","Literature in English","YEAR","SOURCE_MISSING","0","0","0","0","0","[]","[]","[]","Lacune du bilan documentaire : programme exact authentifié non retrouvé. Ni un manuel, ni une progression tierce ne remplace le syllabus.","DOCUMENTARY_ONLY_LOCAL_TEACHING_NOT_ESTABLISHED","ESTABLISHED_DOCUMENTARY_GAP_NOT_LOCAL_REQUIREMENT"
